Name,batchEntId,parentBoxPlateId,parentBoxPlateName,parentBoxPlatePos,volume,Concentration (ng/ul)
VIAL20493,seq_x6E1sUJD,box_TeiHeGLT,p1,a4,50.0,325
,seq_stP1p5JB,PL02,PL02,e2,10,300
,seq_6ZKHHToq,PR_05,PR_05,A6,10,100
,seq_9YulJcan,PR_07,PR_07,A3,10,100
VIAL22032,seq_MpFqS7IY,box_1gU5Ml9d,l4,a1,20.0,
My Vial2,seq_Oz3nIc4v,box_1gU5Ml9d,l4,a2,5.0,10
VIAL22059,seq_3bqXE4zg,box_1gU5Ml9d,l4,a3,638.7,100
VIAL22022,seq_Oz3nIc4v,box_1gU5Ml9d,l4,a8,60.0,50
VIAL22029,seq_f9l7bytu,box_1gU5Ml9d,l4,c7,100.0,
VIAL22015,seq_JTT473nt,box_1gU5Ml9d,l4,c8,100.0,
VIAL22012,seq_AMtzhp8H,box_1gU5Ml9d,l4,c9,100.0,
VIAL22010,seq_sS4uqbfN,box_1gU5Ml9d,l4,d1,100.0,
VIAL22006,seq_jNmx8NNh,box_1gU5Ml9d,l4,d2,100.0,
VIAL22024,seq_YY6KTMAw,box_1gU5Ml9d,l4,d3,100.0,
VIAL22021,seq_UDLLTjO4,box_1gU5Ml9d,l4,d4,100.0,
VIAL22018,seq_foeRn60p,box_1gU5Ml9d,l4,d5,100.0,
VIAL22002,seq_R4EEkcHF,box_1gU5Ml9d,l4,f6,100.0,16
VIAL22036,seq_5xGuImaO,box_1gU5Ml9d,l4,f7,100.0,142.8
VIAL22037,seq_E3lmPwKA,box_1gU5Ml9d,l4,f8,100.0,134.5
VIAL22038,seq_u0rQqC1j,box_1gU5Ml9d,l4,f9,100.0,137
VIAL22039,seq_kNjuu3eV,box_1gU5Ml9d,l4,g1,100.0,40.1
VIAL22040,seq_12e9SBIA,box_1gU5Ml9d,l4,g2,100.0,134
VIAL22041,seq_ZQuEQJkC,box_1gU5Ml9d,l4,g3,100.0,144.6
VIAL22043,seq_aeGHg37n,box_1gU5Ml9d,l4,g5,100.0,129.3
VIAL22044,seq_nG8aljsp,box_1gU5Ml9d,l4,g6,100.0,132.3
VIAL22045,seq_pZEHnb4P,box_1gU5Ml9d,l4,g7,100.0,141.5
VIAL22046,seq_YfjNzne9,box_1gU5Ml9d,l4,g8,100.0,152.7
VIAL22047,seq_4FRqdXfP,box_1gU5Ml9d,l4,g9,100.0,111.7
VIAL22048,seq_YaTfoYAG,box_1gU5Ml9d,l4,h1,100.0,114
VIAL22049,seq_zcKqMaMb,box_1gU5Ml9d,l4,h2,100.0,121.4
VIAL22050,seq_CsHiH2yp,box_1gU5Ml9d,l4,h3,100.0,120.2
VIAL22051,seq_KDtLwgGf,box_1gU5Ml9d,l4,h4,100.0,131.2
VIAL22052,seq_kHX0wAgl,box_1gU5Ml9d,l4,h5,100.0,105.1
VIAL22053,seq_vAJiYj9Z,box_1gU5Ml9d,l4,h6,100.0,133.1
VIAL22054,seq_JtBvUUG5,box_1gU5Ml9d,l4,h7,100.0,134.5
VIAL22055,seq_GfXxst8r,box_1gU5Ml9d,l4,h8,100.0,82.8
VIAL22056,seq_mrGrQTU7,box_1gU5Ml9d,l4,h9,500.0,31.74
VIAL22057,seq_KiXeEOU4,box_1gU5Ml9d,l4,i1,500.0,45.5
VIAL22058,seq_kWbFgzi2,box_1gU5Ml9d,l4,i2,400.0,122.475
VIAL20613,seq_tFJ3JgoN,box_8AFyZMWE,l5,a2,10.0,50
VIAL21235,seq_L33dmauv,box_8AFyZMWE,l5,a3,100.0,40
VIAL21236,seq_jdBUJJ8R,box_8AFyZMWE,l5,a4,100.0,45
VIAL21237,seq_JsntMCri,box_8AFyZMWE,l5,a5,100.0,40
VIAL21238,seq_UiTmQ7Xa,box_8AFyZMWE,l5,a6,100.0,45
VIAL21239,seq_YIrY10it,box_8AFyZMWE,l5,a7,100.0,40
VIAL21240,seq_oMXpiAOB,box_8AFyZMWE,l5,a8,100.0,55
VIAL21241,seq_dtYzIKOY,box_8AFyZMWE,l5,a9,100.0,40
VIAL21242,seq_FCGzeSsE,box_8AFyZMWE,l5,b1,100.0,35
VIAL21243,seq_hhhVw9eA,box_8AFyZMWE,l5,b2,100.0,55
VIAL21244,seq_4Pxu1ATP,box_8AFyZMWE,l5,b3,100.0,50
VIAL21245,seq_6zfLJTUM,box_8AFyZMWE,l5,b4,100.0,25
VIAL21246,seq_Rz0TOi3L,box_8AFyZMWE,l5,b5,100.0,55
VIAL21247,seq_vO4Lh9fd,box_8AFyZMWE,l5,b6,100.0,14
VIAL21248,seq_hjPyS1Ne,box_8AFyZMWE,l5,b7,100.0,6
VIAL21249,seq_K7PrOouu,box_8AFyZMWE,l5,b8,100.0,20
VIAL21250,seq_QeJtdJD5,box_8AFyZMWE,l5,b9,100.0,7
VIAL21251,seq_8ECen8X5,box_8AFyZMWE,l5,c1,100.0,40
VIAL21252,seq_7yKViimP,box_8AFyZMWE,l5,c2,100.0,50
VIAL21253,seq_2GvxI9jT,box_8AFyZMWE,l5,c3,100.0,35
VIAL21254,seq_BiXZApwd,box_8AFyZMWE,l5,c4,100.0,30
VIAL21255,seq_wWUmnFgH,box_8AFyZMWE,l5,c5,100.0,45
VIAL21256,seq_6dQCns1h,box_8AFyZMWE,l5,c6,100.0,50
VIAL21257,seq_Y7WhQBYd,box_8AFyZMWE,l5,c7,100.0,30
VIAL21258,seq_AzQGpWT8,box_8AFyZMWE,l5,c8,100.0,25
VIAL21259,seq_PB4lOV5S,box_8AFyZMWE,l5,d4,100.0,30
VIAL21260,seq_r5wgewg7,box_8AFyZMWE,l5,d5,100.0,45
VIAL21261,seq_UDEVaBMe,box_8AFyZMWE,l5,d6,100.0,82
VIAL21262,seq_YmeKQKdY,box_8AFyZMWE,l5,d7,100.0,30
VIAL21263,seq_GSTtJFna,box_8AFyZMWE,l5,d8,100.0,50
VIAL21264,seq_MQ1b0U5q,box_8AFyZMWE,l5,d9,100.0,50
VIAL21265,seq_b4ROOtBX,box_8AFyZMWE,l5,e1,100.0,35
VIAL21266,seq_veMvp61A,box_8AFyZMWE,l5,e2,100.0,35
VIAL21267,seq_dDgpyFvK,box_8AFyZMWE,l5,e3,100.0,15
VIAL21268,seq_lDWt9zmP,box_8AFyZMWE,l5,e4,100.0,15
VIAL21269,seq_VYMXMTP6,box_8AFyZMWE,l5,e5,100.0,20
VIAL21270,seq_OMlhdylv,box_8AFyZMWE,l5,e6,100.0,30
VIAL21271,seq_PZLMZfCk,box_8AFyZMWE,l5,e7,100.0,35
VIAL21272,seq_Y8ADKjKW,box_8AFyZMWE,l5,e8,100.0,35
VIAL21273,seq_0MCSVCHD,box_8AFyZMWE,l5,e9,100.0,40
VIAL21274,seq_R0MpnI99,box_8AFyZMWE,l5,f1,100.0,30
VIAL21275,seq_U7DJp1qU,box_8AFyZMWE,l5,f2,100.0,15
VIAL21276,seq_Y3siMPpq,box_8AFyZMWE,l5,f3,100.0,10
VIAL21277,seq_ZSh58li2,box_8AFyZMWE,l5,f4,100.0,10
VIAL21278,seq_jNzhADho,box_8AFyZMWE,l5,f5,100.0,20
VIAL21279,seq_hNkacsol,box_8AFyZMWE,l5,f6,100.0,30
VIAL21280,seq_EKP05e2F,box_8AFyZMWE,l5,f7,100.0,30
VIAL21281,seq_U1Mddzk7,box_8AFyZMWE,l5,f8,100.0,35
VIAL21282,seq_otoWzldx,box_8AFyZMWE,l5,f9,100.0,25
VIAL21283,seq_GVGWRbxJ,box_8AFyZMWE,l5,g1,100.0,25
VIAL21284,seq_4jpoULwv,box_8AFyZMWE,l5,g2,100.0,30
VIAL21285,seq_M8QV2osc,box_8AFyZMWE,l5,g3,100.0,30
VIAL21286,seq_3V4rc6em,box_8AFyZMWE,l5,g4,100.0,25
VIAL21287,seq_yOM6O9dJ,box_8AFyZMWE,l5,g5,100.0,25
VIAL21288,seq_LQX9oGQN,box_8AFyZMWE,l5,g6,100.0,25
VIAL21289,seq_E5FcOlRr,box_8AFyZMWE,l5,g7,100.0,30
VIAL21290,seq_RrzcSP1d,box_8AFyZMWE,l5,g8,100.0,20
VIAL21291,seq_cp3U9VhO,box_8AFyZMWE,l5,g9,100.0,30
VIAL21292,seq_qx5JJz2W,box_8AFyZMWE,l5,h1,100.0,30
VIAL21293,seq_BCGEQ1FB,box_8AFyZMWE,l5,h2,100.0,30
VIAL21294,seq_yc89LkZN,box_8AFyZMWE,l5,h3,100.0,30
VIAL21295,seq_xZaPmPcy,box_8AFyZMWE,l5,h4,100.0,35
VIAL21296,seq_skLrOfig,box_8AFyZMWE,l5,h5,100.0,30
VIAL21297,seq_r0zYJJuX,box_8AFyZMWE,l5,h6,100.0,30
VIAL21298,seq_9F9knFhQ,box_8AFyZMWE,l5,h7,100.0,5
VIAL21299,seq_LmdjJCgg,box_8AFyZMWE,l5,h8,100.0,35
VIAL21300,seq_b39BssFT,box_8AFyZMWE,l5,h9,100.0,35
VIAL21301,seq_PNWfVCwo,box_8AFyZMWE,l5,i1,100.0,35
VIAL21302,seq_fRQCreqJ,box_8AFyZMWE,l5,i2,100.0,35
VIAL21303,seq_NGrzK0Z4,box_8AFyZMWE,l5,i3,100.0,10
VIAL21304,seq_BUWnSgNx,box_8AFyZMWE,l5,i4,100.0,35
VIAL21305,seq_sXTvfVhg,box_8AFyZMWE,l5,i5,100.0,35
VIAL21306,seq_BjylKbxY,box_8AFyZMWE,l5,i6,100.0,30
VIAL21123,seq_XyMsXAiH,box_8AFyZMWE,l5,i7,100.0,155
VIAL21129,seq_dIrA6KHb,box_8AFyZMWE,l5,i8,100.0,30
VIAL21130,seq_R4EEkcHF,box_8AFyZMWE,l5,i9,100.0,40
VIAL21469,seq_hhGreWwa,box_ASuXGEiz,o3,a1,100.0,10.0
VIAL21470,seq_ois2Wxv4,box_ASuXGEiz,o3,a2,100.0,10.0
VIAL21471,seq_Io474YQZ,box_ASuXGEiz,o3,a3,100.0,10.0
VIAL21472,seq_WFik2dny,box_ASuXGEiz,o3,a4,100.0,10.0
VIAL21473,seq_EzhrRHyU,box_ASuXGEiz,o3,a5,100.0,10.0
VIAL21474,seq_8owhCPV0,box_ASuXGEiz,o3,a6,100.0,10.0
VIAL21475,seq_2WqZ6RPk,box_ASuXGEiz,o3,a7,100.0,10.0
VIAL21476,seq_YNYkn8ea,box_ASuXGEiz,o3,a8,100.0,10.0
VIAL21477,seq_4MzlMQmZ,box_ASuXGEiz,o3,a9,100.0,10.0
VIAL21478,seq_2WtiGJpE,box_ASuXGEiz,o3,b1,100.0,10.0
VIAL21479,seq_D6QMlo6y,box_ASuXGEiz,o3,b2,100.0,10.0
VIAL21480,seq_AkBe1nPV,box_ASuXGEiz,o3,b3,100.0,10.0
VIAL21481,seq_6Z7slAHv,box_ASuXGEiz,o3,b4,100.0,10.0
VIAL21482,seq_YY9QGKOq,box_ASuXGEiz,o3,b5,100.0,10.0
VIAL21483,seq_TFH4KriF,box_ASuXGEiz,o3,b6,100.0,10.0
VIAL21484,seq_fKg1cYx8,box_ASuXGEiz,o3,b7,100.0,10.0
VIAL21485,seq_jHqduaXs,box_ASuXGEiz,o3,b8,100.0,10.0
VIAL21486,seq_lxlJa5FC,box_ASuXGEiz,o3,b9,100.0,10.0
VIAL21487,seq_NB4EK62D,box_ASuXGEiz,o3,c1,100.0,10.0
VIAL21488,seq_Ur1fXTzm,box_ASuXGEiz,o3,c2,100.0,10.0
VIAL21489,seq_73qZAxxz,box_ASuXGEiz,o3,c3,100.0,10.0
VIAL21490,seq_TfA7Nw3k,box_ASuXGEiz,o3,c4,100.0,10.0
VIAL21491,seq_1rN5WNNu,box_ASuXGEiz,o3,c5,100.0,10.0
VIAL21492,seq_cLXgZRuF,box_ASuXGEiz,o3,c6,100.0,10.0
VIAL21493,seq_23nxZmXO,box_ASuXGEiz,o3,c7,100.0,10.0
VIAL21494,seq_R5jD5KKh,box_ASuXGEiz,o3,c8,100.0,10.0
VIAL21495,seq_tSwW575Q,box_ASuXGEiz,o3,c9,100.0,10.0
VIAL21496,seq_s8jrJeeQ,box_ASuXGEiz,o3,d1,100.0,10.0
VIAL21497,seq_AAVOjgnF,box_ASuXGEiz,o3,d2,100.0,10.0
VIAL21498,seq_8PSI5aE4,box_ASuXGEiz,o3,d3,100.0,10.0
VIAL21499,seq_kLndH8uo,box_ASuXGEiz,o3,d4,100.0,10.0
VIAL21500,seq_rQ2Adcg9,box_ASuXGEiz,o3,d5,100.0,10.0
VIAL21501,seq_hyHxiwAP,box_ASuXGEiz,o3,d6,100.0,10.0
VIAL21502,seq_Bqkakjjf,box_ASuXGEiz,o3,d7,100.0,10.0
VIAL21503,seq_0rODsx99,box_ASuXGEiz,o3,d8,100.0,10.0
VIAL21504,seq_5nTQ4jx9,box_ASuXGEiz,o3,d9,100.0,10.0
VIAL21505,seq_gjB9xcSu,box_ASuXGEiz,o3,e1,100.0,10.0
VIAL21506,seq_NNFsfHlF,box_ASuXGEiz,o3,e2,100.0,10.0
VIAL21507,seq_ahHIVhFv,box_ASuXGEiz,o3,e3,100.0,10.0
VIAL21508,seq_ZUMVd6Hc,box_ASuXGEiz,o3,e5,100.0,10.0
VIAL21509,seq_T0dO7W9A,box_ASuXGEiz,o3,e6,100.0,10.0
VIAL21510,seq_6tZXr3bJ,box_ASuXGEiz,o3,e7,100.0,10.0
VIAL21511,seq_KL6WnO4f,box_ASuXGEiz,o3,e8,100.0,10.0
VIAL21512,seq_XaMJGVJP,box_ASuXGEiz,o3,e9,100.0,10.0
VIAL21513,seq_x516V96M,box_ASuXGEiz,o3,f1,100.0,10.0
VIAL21514,seq_PNqvKoi9,box_ASuXGEiz,o3,f2,100.0,10.0
VIAL20635,seq_tBuBVy49,box_ASuXGEiz,o3,f6,100.0,10.0
VIAL21106,seq_fWaymUQa,box_ASuXGEiz,o3,f7,100.0,10.0
VIAL21108,seq_iz617xDk,box_ASuXGEiz,o3,f8,100.0,10.0
VIAL22557,seq_nYEwYVpe,box_ASuXGEiz,o3,g4,100.0,10.0
VIAL22560,seq_sN9Df5lN,box_ASuXGEiz,o3,g5,100.0,10.0
VIAL21317,seq_9MukonW6,box_CRPEtwII,o1,a1,100.0,10.0
VIAL21318,seq_QUfhy6O1,box_CRPEtwII,o1,a2,100.0,10.0
VIAL21319,seq_PBNv0Bqe,box_CRPEtwII,o1,a3,100.0,10.0
VIAL21320,seq_7Abou99T,box_CRPEtwII,o1,a4,100.0,10.0
VIAL21321,seq_YIAXGkSJ,box_CRPEtwII,o1,a5,100.0,10.0
VIAL21322,seq_XUZC5lZJ,box_CRPEtwII,o1,a6,100.0,10.0
VIAL21323,seq_2QIVeX9R,box_CRPEtwII,o1,a7,100.0,10.0
VIAL21324,seq_Li6qt9J1,box_CRPEtwII,o1,a8,100.0,10.0
VIAL21325,seq_zxW1Y8uJ,box_CRPEtwII,o1,a9,100.0,10.0
VIAL21326,seq_3XlMeoeu,box_CRPEtwII,o1,b1,100.0,10.0
VIAL21327,seq_vKkQKI8h,box_CRPEtwII,o1,b2,100.0,10.0
VIAL21328,seq_2fOf4QSM,box_CRPEtwII,o1,b3,100.0,10.0
VIAL21329,seq_JNLPCXH3,box_CRPEtwII,o1,b4,100.0,10.0
VIAL21330,seq_yXuKAgbQ,box_CRPEtwII,o1,b5,100.0,10.0
VIAL21331,seq_hVmEtlHj,box_CRPEtwII,o1,b6,100.0,10.0
VIAL21332,seq_r787XGkl,box_CRPEtwII,o1,b7,100.0,10.0
VIAL21333,seq_CQBEbYLQ,box_CRPEtwII,o1,b8,100.0,10.0
VIAL21334,seq_QWOPKDZK,box_CRPEtwII,o1,b9,100.0,10.0
VIAL21335,seq_a6BPgYhE,box_CRPEtwII,o1,c1,100.0,10.0
VIAL21336,seq_MdwBvWQp,box_CRPEtwII,o1,c2,100.0,10.0
VIAL21337,seq_LKkmTkdh,box_CRPEtwII,o1,c3,100.0,10.0
VIAL21338,seq_kOZlrKod,box_CRPEtwII,o1,c4,100.0,10.0
VIAL21339,seq_cuZvWBLn,box_CRPEtwII,o1,c5,100.0,10.0
VIAL21340,seq_PaOYvc5U,box_CRPEtwII,o1,c6,100.0,10.0
VIAL21341,seq_LkbJj9Ny,box_CRPEtwII,o1,c7,100.0,10.0
VIAL21342,seq_qMIkcI4R,box_CRPEtwII,o1,c8,100.0,10.0
VIAL21343,seq_z6Ooi3Xu,box_CRPEtwII,o1,c9,100.0,10.0
VIAL21344,seq_DQEM6oYM,box_CRPEtwII,o1,d1,100.0,10.0
VIAL21345,seq_s7kiLdhm,box_CRPEtwII,o1,d2,100.0,10.0
VIAL21346,seq_CVBzig0i,box_CRPEtwII,o1,d3,100.0,10.0
VIAL21347,seq_7iocXrRb,box_CRPEtwII,o1,d4,100.0,10.0
VIAL21348,seq_c5QqpI3w,box_CRPEtwII,o1,d5,100.0,10.0
VIAL21349,seq_O7d5igIz,box_CRPEtwII,o1,d6,100.0,10.0
VIAL21350,seq_rhXi1psI,box_CRPEtwII,o1,d7,100.0,10.0
VIAL21351,seq_vhttIwKq,box_CRPEtwII,o1,d8,100.0,10.0
VIAL21352,seq_ssDRCUak,box_CRPEtwII,o1,d9,100.0,10.0
VIAL21353,seq_lwZBXu6k,box_CRPEtwII,o1,e1,100.0,10.0
VIAL21354,seq_pwj6EfIh,box_CRPEtwII,o1,e2,100.0,10.0
VIAL21355,seq_f0DxM4nU,box_CRPEtwII,o1,e3,100.0,10.0
VIAL21356,seq_8At1dmPw,box_CRPEtwII,o1,e4,100.0,10.0
VIAL21357,seq_qfmSYT6c,box_CRPEtwII,o1,e5,100.0,10.0
VIAL21358,seq_0CvPCQnw,box_CRPEtwII,o1,e6,100.0,10.0
VIAL21359,seq_MmgYknyC,box_CRPEtwII,o1,e7,100.0,10.0
VIAL21360,seq_VmfxbL91,box_CRPEtwII,o1,e8,100.0,10.0
VIAL21361,seq_jQDdyT9D,box_CRPEtwII,o1,e9,100.0,10.0
VIAL21362,seq_RKC5iD2J,box_CRPEtwII,o1,f1,100.0,10.0
VIAL21363,seq_kAiGujF6,box_CRPEtwII,o1,f2,100.0,10.0
VIAL21364,seq_N6Gmu7CQ,box_CRPEtwII,o1,f3,100.0,10.0
VIAL21365,seq_bkSRqbZx,box_CRPEtwII,o1,f4,100.0,10.0
VIAL21366,seq_MaNHPCiY,box_CRPEtwII,o1,f5,100.0,10.0
VIAL21367,seq_mkzRf8iQ,box_CRPEtwII,o1,f6,100.0,10.0
VIAL21368,seq_YYWktiMx,box_CRPEtwII,o1,f7,100.0,10.0
VIAL21369,seq_TssxYD1G,box_CRPEtwII,o1,f8,100.0,10.0
VIAL21370,seq_ksgJLBUa,box_CRPEtwII,o1,f9,100.0,10.0
VIAL21371,seq_Wdm5sPah,box_CRPEtwII,o1,g1,100.0,10.0
VIAL21372,seq_xYYGSHuH,box_CRPEtwII,o1,g2,100.0,10.0
VIAL21373,seq_QOhdYGfD,box_CRPEtwII,o1,g3,100.0,10.0
VIAL21374,seq_zu1JfUyB,box_CRPEtwII,o1,g4,100.0,10.0
VIAL21375,seq_wvdK7xDb,box_CRPEtwII,o1,g5,100.0,10.0
VIAL21376,seq_r6WXiDu1,box_CRPEtwII,o1,g6,100.0,10.0
VIAL21377,seq_69FOTmao,box_CRPEtwII,o1,g7,100.0,10.0
VIAL21378,seq_Ggj1IhPT,box_CRPEtwII,o1,g8,100.0,10.0
VIAL21379,seq_i80iGrOP,box_CRPEtwII,o1,g9,100.0,10.0
VIAL21380,seq_fDQ1ReTR,box_CRPEtwII,o1,h1,100.0,10.0
VIAL21381,seq_7xnVpO04,box_CRPEtwII,o1,h2,100.0,10.0
VIAL21382,seq_KD5otxIi,box_CRPEtwII,o1,h3,100.0,10.0
VIAL21383,seq_6CUdPIeZ,box_CRPEtwII,o1,h4,100.0,10.0
VIAL21384,seq_WhBxHcGt,box_CRPEtwII,o1,h5,100.0,10.0
VIAL21385,seq_BKFzH3fo,box_CRPEtwII,o1,h6,100.0,10.0
VIAL21386,seq_c5VNuEvR,box_CRPEtwII,o1,h7,100.0,10.0
VIAL21387,seq_1gNsB10b,box_CRPEtwII,o1,h8,100.0,10.0
VIAL21388,seq_g6PJvC1Q,box_CRPEtwII,o1,h9,100.0,10.0
VIAL21389,seq_nLRYkyu9,box_CRPEtwII,o1,i1,100.0,10.0
VIAL21390,seq_yDsx1uDt,box_CRPEtwII,o1,i2,100.0,10.0
VIAL21391,seq_TFipVL5V,box_CRPEtwII,o1,i3,100.0,10.0
VIAL21392,seq_jXzjEvlu,box_CRPEtwII,o1,i4,100.0,10.0
VIAL21393,seq_el7CWzEQ,box_CRPEtwII,o1,i5,100.0,10.0
VIAL21394,seq_yrlbtd1E,box_CRPEtwII,o1,i6,100.0,10.0
VIAL21395,seq_6IGHsrUv,box_CRPEtwII,o1,i7,100.0,10.0
VIAL21396,seq_t3Fvzacg,box_CRPEtwII,o1,i8,100.0,10.0
VIAL21397,seq_yGEX3yLk,box_CRPEtwII,o1,i9,100.0,10.0
VIAL20485,seq_F3PfsV3q,box_TeiHeGLT,p1,a1,50.0,100
VIAL20486,seq_ocjtSuRY,box_TeiHeGLT,p1,a2,50.0,350
VIAL20487,seq_AfComKMb,box_TeiHeGLT,p1,a3,30.0,170
VIAL20494,seq_x6E1sUJD,box_TeiHeGLT,p1,a5,50.0,190
VIAL20488,seq_dii0Wy8u,box_TeiHeGLT,p1,a6,30.0,419
VIAL20495,seq_x6E1sUJD,box_TeiHeGLT,p1,a7,50.0,220
VIAL20496,seq_x6E1sUJD,box_TeiHeGLT,p1,a8,50.0,200
VIAL20489,seq_YeTN2aFe,box_TeiHeGLT,p1,a9,30.0,510
VIAL20497,,box_TeiHeGLT,p1,b1,,
VIAL20498,,box_TeiHeGLT,p1,b2,,
VIAL20490,,box_TeiHeGLT,p1,b3,,
VIAL20491,,box_TeiHeGLT,p1,b4,,
VIAL20492,,box_TeiHeGLT,p1,b5,,
VIAL20499,,box_TeiHeGLT,p1,b6,,
VIAL20500,,box_TeiHeGLT,p1,b7,,
VIAL20501,,box_TeiHeGLT,p1,b8,,
VIAL20502,,box_TeiHeGLT,p1,b9,,
VIAL20503,seq_IlHkCJNE,box_TeiHeGLT,p1,c1,20.0,265
VIAL20504,,box_TeiHeGLT,p1,c2,,
VIAL20505,seq_F8q0EV7M,box_TeiHeGLT,p1,c3,500.0,150
VIAL20506,seq_yYRfmggd,box_TeiHeGLT,p1,c4,50.0,160
VIAL20507,seq_gKoAytme,box_TeiHeGLT,p1,c5,200.0,50
VIAL20508,,box_TeiHeGLT,p1,c6,,
VIAL20509,seq_zxFx7CWg,box_TeiHeGLT,p1,c7,10.0,100
VIAL20510,,box_TeiHeGLT,p1,c8,,
VIAL20511,,box_TeiHeGLT,p1,c9,,
VIAL20512,,box_TeiHeGLT,p1,d1,,
VIAL20513,,box_TeiHeGLT,p1,d2,,
VIAL20514,,box_TeiHeGLT,p1,d3,,
VIAL20515,,box_TeiHeGLT,p1,d4,,
VIAL20516,,box_TeiHeGLT,p1,d5,,
VIAL20517,seq_hs0iYojo,box_TeiHeGLT,p1,d6,50.0,20
VIAL20518,,box_TeiHeGLT,p1,d7,,
VIAL20519,,box_TeiHeGLT,p1,d8,,
VIAL20520,,box_TeiHeGLT,p1,d9,,
VIAL20521,,box_TeiHeGLT,p1,e1,,
VIAL20522,,box_TeiHeGLT,p1,e2,,
VIAL20523,,box_TeiHeGLT,p1,e3,,
VIAL20524,,box_TeiHeGLT,p1,e4,,
VIAL20525,seq_jn5ZYta0,box_TeiHeGLT,p1,e5,50.0,60
VIAL20526,,box_TeiHeGLT,p1,e6,,
VIAL20527,,box_TeiHeGLT,p1,e7,,
VIAL20528,,box_TeiHeGLT,p1,e8,,
VIAL20529,seq_1CjunWxH,box_TeiHeGLT,p1,e9,30.0,185
VIAL20530,seq_YfXFok9r,box_TeiHeGLT,p1,f1,5.0,100
VIAL20531,,box_TeiHeGLT,p1,f2,,
VIAL20532,,box_TeiHeGLT,p1,f3,,
VIAL20533,seq_Qy1hV9Gf,box_TeiHeGLT,p1,f4,30.0,220
VIAL20534,,box_TeiHeGLT,p1,f5,,
VIAL20535,seq_E3e4122L,box_TeiHeGLT,p1,f6,30.0,470
VIAL20536,seq_2wjuSHXe,box_TeiHeGLT,p1,f7,40.0,470
VIAL20537,seq_xPKzBIvE,box_TeiHeGLT,p1,f8,40.0,570
VIAL20538,seq_qyaGLGVw,box_TeiHeGLT,p1,f9,30.0,320
VIAL20539,seq_NEDXaSiR,box_TeiHeGLT,p1,g1,30.0,200
VIAL20540,seq_ZiniEt6s,box_TeiHeGLT,p1,g2,30.0,200
VIAL20541,seq_e5QIhAPy,box_TeiHeGLT,p1,g3,30.0,260
VIAL20542,seq_nKRBdeRa,box_TeiHeGLT,p1,g4,30.0,70
VIAL20543,seq_2j5ydZst,box_TeiHeGLT,p1,g5,30.0,80
VIAL20544,seq_tCABj9wL,box_TeiHeGLT,p1,g6,30.0,80
VIAL20545,seq_DO9MQAJ7,box_TeiHeGLT,p1,g7,10.0,160
VIAL20546,seq_IPCRw8kU,box_TeiHeGLT,p1,g8,10.0,230
VIAL20483,seq_AA4vOQs1,box_TeiHeGLT,p1,g9,50.0,300
VIAL20474,seq_a0x7IAjp,box_TeiHeGLT,p1,h1,100.0,70
VIAL20547,seq_e3HVSbTV,box_TeiHeGLT,p1,h2,50.0,300
VIAL20548,,box_TeiHeGLT,p1,h3,,
VIAL20549,seq_q8krHEra,box_TeiHeGLT,p1,h4,50.0,300
VIAL20550,seq_S5nEtVQm,box_TeiHeGLT,p1,h5,50.0,300
VIAL20551,seq_5Ap5wYCs,box_TeiHeGLT,p1,h6,50.0,300
VIAL20552,seq_HJ747rJH,box_TeiHeGLT,p1,h7,50.0,300
VIAL20553,seq_zwbqAwdF,box_TeiHeGLT,p1,h8,50.0,300
VIAL20554,seq_jNP4VZFI,box_TeiHeGLT,p1,h9,50.0,75
VIAL20484,seq_AA4vOQs1,box_TeiHeGLT,p1,i1,50.0,300
VIAL20555,,box_TeiHeGLT,p1,i2,,
VIAL20556,,box_TeiHeGLT,p1,i3,,
VIAL20557,,box_TeiHeGLT,p1,i4,,
VIAL20558,,box_TeiHeGLT,p1,i5,,
VIAL20559,,box_TeiHeGLT,p1,i6,,
VIAL20560,,box_TeiHeGLT,p1,i7,,
VIAL20561,,box_TeiHeGLT,p1,i8,,
VIAL20562,,box_TeiHeGLT,p1,i9,,
VIAL21398,seq_i1uyQ0zo,box_lhTg6haI,o2,a1,100.0,10.0
VIAL21399,seq_5VhJR142,box_lhTg6haI,o2,a2,100.0,10.0
VIAL21400,seq_8CcWg1QW,box_lhTg6haI,o2,a3,100.0,10.0
VIAL21401,seq_luTqDbzH,box_lhTg6haI,o2,a4,100.0,10.0
VIAL21402,seq_nOJEOppX,box_lhTg6haI,o2,a5,100.0,10.0
VIAL21403,seq_uSyp5fQi,box_lhTg6haI,o2,a6,100.0,10.0
VIAL21404,seq_uFHl7oVO,box_lhTg6haI,o2,a7,100.0,10.0
VIAL21405,seq_7NpnY8oT,box_lhTg6haI,o2,a8,100.0,10.0
VIAL21406,seq_GzOI7sqt,box_lhTg6haI,o2,a9,100.0,10.0
VIAL21407,seq_HdQAAqGp,box_lhTg6haI,o2,b1,100.0,10.0
VIAL21408,seq_HYoUklcq,box_lhTg6haI,o2,b2,100.0,10.0
VIAL21409,seq_xiREBcNR,box_lhTg6haI,o2,b3,100.0,10.0
VIAL21410,seq_7qjN1utE,box_lhTg6haI,o2,b4,100.0,10.0
VIAL21411,seq_Hbtzr4wK,box_lhTg6haI,o2,b5,100.0,10.0
VIAL21412,seq_deQeAjno,box_lhTg6haI,o2,b6,100.0,10.0
VIAL21413,seq_lutfXWeV,box_lhTg6haI,o2,b7,100.0,10.0
VIAL21414,seq_OwVVdhQv,box_lhTg6haI,o2,b8,100.0,10.0
VIAL21415,seq_9nnPdwWa,box_lhTg6haI,o2,b9,100.0,10.0
VIAL21416,seq_saweD7Ol,box_lhTg6haI,o2,c1,100.0,10.0
VIAL21417,seq_lJB4G1pJ,box_lhTg6haI,o2,c2,100.0,10.0
VIAL21418,seq_pbMnPw6k,box_lhTg6haI,o2,c3,100.0,10.0
VIAL21419,seq_uj9Oa23G,box_lhTg6haI,o2,c4,100.0,10.0
VIAL21420,seq_9TvneN5Y,box_lhTg6haI,o2,c5,100.0,10.0
VIAL21421,seq_DW1rllu1,box_lhTg6haI,o2,c6,100.0,10.0
VIAL21422,seq_zs5SBVqi,box_lhTg6haI,o2,c7,100.0,10.0
VIAL21423,seq_jXJRLBHI,box_lhTg6haI,o2,c8,100.0,10.0
VIAL21424,seq_k1rS79d7,box_lhTg6haI,o2,c9,100.0,10.0
VIAL21425,seq_h7ykC4hk,box_lhTg6haI,o2,d1,100.0,10.0
VIAL21426,seq_QWF8ClA0,box_lhTg6haI,o2,d2,100.0,10.0
VIAL21427,seq_i59IXsq1,box_lhTg6haI,o2,d3,100.0,10.0
VIAL21428,seq_ARBnxV7o,box_lhTg6haI,o2,d4,100.0,10.0
VIAL21429,seq_p2OKmYwC,box_lhTg6haI,o2,d5,100.0,10.0
VIAL21430,seq_H3lWPIUW,box_lhTg6haI,o2,d6,100.0,10.0
VIAL21431,seq_876DjN2J,box_lhTg6haI,o2,d7,100.0,10.0
VIAL21432,seq_BpGdhPGi,box_lhTg6haI,o2,d8,100.0,10.0
VIAL21433,seq_IrXtb4xe,box_lhTg6haI,o2,d9,100.0,10.0
VIAL21434,seq_YQSEyTaI,box_lhTg6haI,o2,e1,100.0,10.0
VIAL21435,seq_u0tk57cW,box_lhTg6haI,o2,e2,100.0,10.0
VIAL21436,seq_rh30eJDU,box_lhTg6haI,o2,e3,100.0,10.0
VIAL21437,seq_bEnyPZyO,box_lhTg6haI,o2,e4,100.0,10.0
VIAL21438,seq_EeRgUiXI,box_lhTg6haI,o2,e5,100.0,10.0
VIAL21439,seq_CwiLSIvD,box_lhTg6haI,o2,e6,100.0,10.0
VIAL21440,seq_usj8XuoO,box_lhTg6haI,o2,e7,100.0,10.0
VIAL21441,seq_LFu55t0M,box_lhTg6haI,o2,e8,100.0,10.0
VIAL21442,seq_EZKQwuNK,box_lhTg6haI,o2,e9,100.0,10.0
VIAL21443,seq_WgG5ykhi,box_lhTg6haI,o2,f1,100.0,10.0
VIAL21444,seq_YTemNUbF,box_lhTg6haI,o2,f2,100.0,10.0
VIAL21445,seq_XJ9TThgd,box_lhTg6haI,o2,f3,100.0,10.0
VIAL21446,seq_X8jtELts,box_lhTg6haI,o2,f4,100.0,10.0
VIAL21447,seq_PMLlZ4CW,box_lhTg6haI,o2,f5,100.0,10.0
VIAL21654,seq_YLTR2B9y,box_lhTg6haI,o2,f6,100.0,10.0
VIAL21655,seq_mSRja9xj,box_lhTg6haI,o2,f7,100.0,10.0
VIAL21656,seq_G6JFHeOC,box_lhTg6haI,o2,f8,100.0,10.0
VIAL21448,seq_ASmaHtK0,box_lhTg6haI,o2,g2,100.0,10.0
VIAL21449,seq_3Rn6i3di,box_lhTg6haI,o2,g3,100.0,10.0
VIAL21450,seq_OvLTlQju,box_lhTg6haI,o2,g4,100.0,10.0
VIAL21451,seq_wjA1oNs1,box_lhTg6haI,o2,g5,100.0,10.0
VIAL21452,seq_EvcXICxF,box_lhTg6haI,o2,g6,100.0,10.0
VIAL21453,seq_4yN0wtJk,box_lhTg6haI,o2,g7,100.0,10.0
VIAL21454,seq_tcSQqCfY,box_lhTg6haI,o2,g8,100.0,10.0
VIAL21455,seq_CzNKGwXb,box_lhTg6haI,o2,g9,100.0,10.0
VIAL21456,seq_bnt55HeY,box_lhTg6haI,o2,h1,100.0,10.0
VIAL21457,seq_8BpV7QL4,box_lhTg6haI,o2,h2,100.0,10.0
VIAL21458,seq_pYjSwHqH,box_lhTg6haI,o2,h3,100.0,10.0
VIAL21459,seq_Yjr094aM,box_lhTg6haI,o2,h4,100.0,10.0
VIAL21460,seq_WrC414x6,box_lhTg6haI,o2,h5,100.0,10.0
VIAL21461,seq_fbtmfWjc,box_lhTg6haI,o2,h6,100.0,10.0
VIAL21462,seq_e011EfPo,box_lhTg6haI,o2,h7,100.0,10.0
VIAL21463,seq_Hcnnfuan,box_lhTg6haI,o2,h8,100.0,10.0
VIAL21464,seq_SBtAXfAK,box_lhTg6haI,o2,h9,100.0,10.0
VIAL21465,seq_WBZ2srqt,box_lhTg6haI,o2,i1,100.0,10.0
VIAL21466,seq_fLBRbdeE,box_lhTg6haI,o2,i2,100.0,10.0
VIAL21467,seq_Z5oF73UY,box_lhTg6haI,o2,i3,100.0,10.0
VIAL21468,seq_N6rnZMCE,box_lhTg6haI,o2,i5,100.0,10.0
VIAL20609,seq_uJ7DmqSE,box_lhTg6haI,o2,i6,100.0,10.0
VIAL20610,seq_l5WNF5Fp,box_lhTg6haI,o2,i7,100.0,10.0
VIAL20611,seq_z02Md7Yd,box_lhTg6haI,o2,i8,100.0,10.0
VIAL20612,seq_mjIgJeKr,box_lhTg6haI,o2,i9,100.0,10.0
WELL216227,seq_cDFXa1FN,plt_KtpttTQt,op4,a1,100.0,10.0
WELL216236,seq_fWaymUQa,plt_KtpttTQt,op4,a10,100.0,10.0
WELL216237,seq_nHLaEGMR,plt_KtpttTQt,op4,a11,100.0,10.0
WELL216238,seq_5aUgz73o,plt_KtpttTQt,op4,a12,100.0,10.0
WELL216228,seq_WvztrAxO,plt_KtpttTQt,op4,a2,100.0,10.0
WELL216229,seq_nA6ONOFH,plt_KtpttTQt,op4,a3,100.0,10.0
WELL216230,seq_IAroq75c,plt_KtpttTQt,op4,a4,100.0,10.0
WELL216231,seq_1NBMiG3k,plt_KtpttTQt,op4,a5,100.0,10.0
WELL216232,seq_jj0NBAJ5,plt_KtpttTQt,op4,a6,100.0,10.0
WELL216233,seq_gWsqkkfq,plt_KtpttTQt,op4,a7,100.0,10.0
WELL216234,seq_eiMmQVPL,plt_KtpttTQt,op4,a8,100.0,10.0
WELL216235,seq_FQTISpgo,plt_KtpttTQt,op4,a9,100.0,10.0
WELL216239,seq_16Dsbe4R,plt_KtpttTQt,op4,b1,100.0,10.0
WELL216248,seq_iz617xDk,plt_KtpttTQt,op4,b10,100.0,10.0
WELL216249,seq_JP3cyJB0,plt_KtpttTQt,op4,b11,100.0,10.0
WELL216250,seq_iAuZr4qz,plt_KtpttTQt,op4,b12,100.0,10.0
WELL216240,seq_1ndPpw65,plt_KtpttTQt,op4,b2,100.0,10.0
WELL216241,seq_CXtYtVig,plt_KtpttTQt,op4,b3,100.0,10.0
WELL216242,seq_Ol5tYCjI,plt_KtpttTQt,op4,b4,100.0,10.0
WELL216243,seq_QtYUnTok,plt_KtpttTQt,op4,b5,100.0,10.0
WELL216244,seq_In9idfFb,plt_KtpttTQt,op4,b6,100.0,10.0
WELL216245,seq_cUvhyNMG,plt_KtpttTQt,op4,b7,100.0,10.0
WELL216246,seq_EQMptrMO,plt_KtpttTQt,op4,b8,100.0,10.0
WELL216247,seq_5DuCgph9,plt_KtpttTQt,op4,b9,100.0,10.0
WELL216251,seq_4GSOhnMX,plt_KtpttTQt,op4,c1,100.0,10.0
WELL216260,seq_sqKd7qS8,plt_KtpttTQt,op4,c10,100.0,10.0
WELL216261,seq_yu7pqwoO,plt_KtpttTQt,op4,c11,100.0,10.0
WELL216262,seq_mZ1aeXEh,plt_KtpttTQt,op4,c12,100.0,10.0
WELL216252,seq_mJHFoTZA,plt_KtpttTQt,op4,c2,100.0,10.0
WELL216253,seq_0v7Yeb51,plt_KtpttTQt,op4,c3,100.0,10.0
WELL216254,seq_kqXNg6Hr,plt_KtpttTQt,op4,c4,100.0,10.0
WELL216255,seq_BZAvgZt2,plt_KtpttTQt,op4,c5,100.0,10.0
WELL216256,seq_MxTNw1kw,plt_KtpttTQt,op4,c6,100.0,10.0
WELL216257,seq_yCHky6pK,plt_KtpttTQt,op4,c7,100.0,10.0
WELL216258,seq_zPWbMjDW,plt_KtpttTQt,op4,c8,100.0,10.0
WELL216259,seq_JZLMv0hC,plt_KtpttTQt,op4,c9,100.0,10.0
WELL216263,seq_GfxQ10Bq,plt_KtpttTQt,op4,d1,100.0,10.0
WELL216272,seq_Hy5CXh4Y,plt_KtpttTQt,op4,d10,100.0,10.0
WELL216273,seq_rP2WUNPn,plt_KtpttTQt,op4,d11,100.0,10.0
WELL216274,seq_VKwOkpGA,plt_KtpttTQt,op4,d12,100.0,10.0
WELL216264,seq_prZNF9sA,plt_KtpttTQt,op4,d2,100.0,10.0
WELL216265,seq_HMolTDc9,plt_KtpttTQt,op4,d3,100.0,10.0
WELL216266,seq_6RD6FEq4,plt_KtpttTQt,op4,d4,100.0,10.0
WELL216267,seq_Z2qBIGqQ,plt_KtpttTQt,op4,d5,100.0,10.0
WELL216268,seq_QiCT4rbh,plt_KtpttTQt,op4,d6,100.0,10.0
WELL216269,seq_Hph4U3LE,plt_KtpttTQt,op4,d7,100.0,10.0
WELL216270,seq_NteIjRyR,plt_KtpttTQt,op4,d8,100.0,10.0
WELL216271,seq_sZQKF8DS,plt_KtpttTQt,op4,d9,100.0,10.0
WELL216275,seq_s50wr0s2,plt_KtpttTQt,op4,e1,100.0,10.0
WELL216284,seq_fZdM75LF,plt_KtpttTQt,op4,e10,100.0,10.0
WELL216285,seq_Y2RGoSQj,plt_KtpttTQt,op4,e11,100.0,10.0
WELL216286,seq_ER3JktMi,plt_KtpttTQt,op4,e12,100.0,10.0
WELL216276,seq_IBekmpYc,plt_KtpttTQt,op4,e2,100.0,10.0
WELL216277,seq_ailEunNi,plt_KtpttTQt,op4,e3,100.0,10.0
WELL216278,seq_brwgxagN,plt_KtpttTQt,op4,e4,100.0,10.0
WELL216279,,plt_KtpttTQt,op4,e5,0,
WELL216280,seq_KchuJ9Va,plt_KtpttTQt,op4,e6,100.0,10.0
WELL216281,seq_C6VOBUpM,plt_KtpttTQt,op4,e7,100.0,10.0
WELL216282,seq_egQPpWa8,plt_KtpttTQt,op4,e8,100.0,10.0
WELL216283,seq_sMKKD5Ga,plt_KtpttTQt,op4,e9,100.0,10.0
WELL216287,seq_bxzE53Lh,plt_KtpttTQt,op4,f1,100.0,10.0
WELL216296,seq_ekTLbzSw,plt_KtpttTQt,op4,f10,100.0,10.0
WELL216297,seq_eYs331re,plt_KtpttTQt,op4,f11,100.0,10.0
WELL216298,seq_HViaGpyT,plt_KtpttTQt,op4,f12,100.0,10.0
WELL216288,seq_5tiUOdoQ,plt_KtpttTQt,op4,f2,100.0,10.0
WELL216289,seq_QVO3rgVC,plt_KtpttTQt,op4,f3,110.0,10.0
WELL216290,seq_W4xdyDg7,plt_KtpttTQt,op4,f4,100.0,10.0
WELL216291,,plt_KtpttTQt,op4,f5,0,
WELL216292,seq_k9jOWnMd,plt_KtpttTQt,op4,f6,100.0,10.0
WELL216293,seq_cFG9rqkx,plt_KtpttTQt,op4,f7,100.0,10.0
WELL216294,seq_91kAsD9B,plt_KtpttTQt,op4,f8,100.0,10.0
WELL216295,seq_xnykWQhu,plt_KtpttTQt,op4,f9,100.0,10.0
WELL216299,seq_CRLU6pLB,plt_KtpttTQt,op4,g1,100.0,10.0
WELL216308,seq_oT4EEvRm,plt_KtpttTQt,op4,g10,100.0,10.0
WELL216309,seq_kSf3QW15,plt_KtpttTQt,op4,g11,100.0,10.0
WELL216310,seq_aVIKwYHr,plt_KtpttTQt,op4,g12,100.0,10.0
WELL216300,seq_2dj3bXtj,plt_KtpttTQt,op4,g2,100.0,10.0
WELL216301,seq_tPsD0Bz4,plt_KtpttTQt,op4,g3,100.0,10.0
WELL216302,seq_8he4zetz,plt_KtpttTQt,op4,g4,100.0,10.0
WELL216303,,plt_KtpttTQt,op4,g5,0,
WELL216304,seq_kRTj2eRp,plt_KtpttTQt,op4,g6,100.0,10.0
WELL216305,seq_2MuWrmFu,plt_KtpttTQt,op4,g7,100.0,10.0
WELL216306,seq_NYd2kD2C,plt_KtpttTQt,op4,g8,100.0,10.0
WELL216307,seq_57lArZQc,plt_KtpttTQt,op4,g9,100.0,10.0
WELL216311,seq_LtIqg5w2,plt_KtpttTQt,op4,h1,100.0,10.0
WELL216320,seq_hwwemGKR,plt_KtpttTQt,op4,h10,100.0,10.0
WELL216321,seq_4c1xg9AK,plt_KtpttTQt,op4,h11,100.0,10.0
WELL216322,seq_36xdSvg4,plt_KtpttTQt,op4,h12,100.0,10.0
WELL216312,seq_zP3fIFVI,plt_KtpttTQt,op4,h2,100.0,10.0
WELL216313,seq_vyFnejXb,plt_KtpttTQt,op4,h3,100.0,10.0
WELL216314,seq_fbSwCmxn,plt_KtpttTQt,op4,h4,100.0,10.0
WELL216315,,plt_KtpttTQt,op4,h5,0,
WELL216316,seq_OwXtmaOI,plt_KtpttTQt,op4,h6,100.0,10.0
WELL216317,seq_2XVBQFMS,plt_KtpttTQt,op4,h7,100.0,10.0
WELL216318,seq_cKprYkjA,plt_KtpttTQt,op4,h8,100.0,10.0
WELL216319,seq_Sw4hcO57,plt_KtpttTQt,op4,h9,100.0,10.0
WELL216131,seq_cDFXa1FN,plt_x74pKcsv,op4_100µM,a1,100.0,100.0
WELL216140,seq_fWaymUQa,plt_x74pKcsv,op4_100µM,a10,100.0,100.0
WELL216141,seq_nHLaEGMR,plt_x74pKcsv,op4_100µM,a11,100.0,100.0
WELL216142,seq_5aUgz73o,plt_x74pKcsv,op4_100µM,a12,100.0,100.0
WELL216132,seq_WvztrAxO,plt_x74pKcsv,op4_100µM,a2,100.0,100.0
WELL216133,seq_nA6ONOFH,plt_x74pKcsv,op4_100µM,a3,100.0,100.0
WELL216134,seq_IAroq75c,plt_x74pKcsv,op4_100µM,a4,100.0,100.0
WELL216135,seq_1NBMiG3k,plt_x74pKcsv,op4_100µM,a5,100.0,100.0
WELL216136,seq_jj0NBAJ5,plt_x74pKcsv,op4_100µM,a6,100.0,100.0
WELL216137,seq_gWsqkkfq,plt_x74pKcsv,op4_100µM,a7,100.0,100.0
WELL216138,seq_eiMmQVPL,plt_x74pKcsv,op4_100µM,a8,100.0,100.0
WELL216139,seq_FQTISpgo,plt_x74pKcsv,op4_100µM,a9,100.0,100.0
WELL216143,seq_16Dsbe4R,plt_x74pKcsv,op4_100µM,b1,100.0,100.0
WELL216152,seq_iz617xDk,plt_x74pKcsv,op4_100µM,b10,100.0,100.0
WELL216153,seq_JP3cyJB0,plt_x74pKcsv,op4_100µM,b11,100.0,100.0
WELL216154,seq_iAuZr4qz,plt_x74pKcsv,op4_100µM,b12,100.0,100.0
WELL216144,seq_1ndPpw65,plt_x74pKcsv,op4_100µM,b2,100.0,100.0
WELL216145,seq_CXtYtVig,plt_x74pKcsv,op4_100µM,b3,100.0,100.0
WELL216146,seq_Ol5tYCjI,plt_x74pKcsv,op4_100µM,b4,100.0,100.0
WELL216147,seq_QtYUnTok,plt_x74pKcsv,op4_100µM,b5,100.0,100.0
WELL216148,seq_In9idfFb,plt_x74pKcsv,op4_100µM,b6,100.0,100.0
WELL216149,seq_cUvhyNMG,plt_x74pKcsv,op4_100µM,b7,100.0,100.0
WELL216150,seq_EQMptrMO,plt_x74pKcsv,op4_100µM,b8,100.0,100.0
WELL216151,seq_5DuCgph9,plt_x74pKcsv,op4_100µM,b9,100.0,100.0
WELL216155,seq_4GSOhnMX,plt_x74pKcsv,op4_100µM,c1,100.0,100.0
WELL216164,seq_sqKd7qS8,plt_x74pKcsv,op4_100µM,c10,100.0,100.0
WELL216165,seq_yu7pqwoO,plt_x74pKcsv,op4_100µM,c11,100.0,100.0
WELL216166,seq_mZ1aeXEh,plt_x74pKcsv,op4_100µM,c12,100.0,100.0
WELL216156,seq_mJHFoTZA,plt_x74pKcsv,op4_100µM,c2,100.0,100.0
WELL216157,seq_0v7Yeb51,plt_x74pKcsv,op4_100µM,c3,100.0,100.0
WELL216158,seq_kqXNg6Hr,plt_x74pKcsv,op4_100µM,c4,100.0,100.0
WELL216159,seq_BZAvgZt2,plt_x74pKcsv,op4_100µM,c5,100.0,100.0
WELL216160,seq_MxTNw1kw,plt_x74pKcsv,op4_100µM,c6,100.0,100.0
WELL216161,seq_yCHky6pK,plt_x74pKcsv,op4_100µM,c7,100.0,100.0
WELL216162,seq_zPWbMjDW,plt_x74pKcsv,op4_100µM,c8,100.0,100.0
WELL216163,seq_JZLMv0hC,plt_x74pKcsv,op4_100µM,c9,100.0,100.0
WELL216167,seq_GfxQ10Bq,plt_x74pKcsv,op4_100µM,d1,100.0,100.0
WELL216176,seq_Hy5CXh4Y,plt_x74pKcsv,op4_100µM,d10,100.0,100.0
WELL216177,seq_rP2WUNPn,plt_x74pKcsv,op4_100µM,d11,100.0,100.0
WELL216178,seq_VKwOkpGA,plt_x74pKcsv,op4_100µM,d12,100.0,100.0
WELL216168,seq_prZNF9sA,plt_x74pKcsv,op4_100µM,d2,100.0,100.0
WELL216169,seq_HMolTDc9,plt_x74pKcsv,op4_100µM,d3,100.0,100.0
WELL216170,seq_6RD6FEq4,plt_x74pKcsv,op4_100µM,d4,100.0,100.0
WELL216171,seq_Z2qBIGqQ,plt_x74pKcsv,op4_100µM,d5,100.0,100.0
WELL216172,seq_QiCT4rbh,plt_x74pKcsv,op4_100µM,d6,100.0,100.0
WELL216173,seq_Hph4U3LE,plt_x74pKcsv,op4_100µM,d7,100.0,100.0
WELL216174,seq_NteIjRyR,plt_x74pKcsv,op4_100µM,d8,100.0,100.0
WELL216175,seq_sZQKF8DS,plt_x74pKcsv,op4_100µM,d9,100.0,100.0
WELL216179,seq_s50wr0s2,plt_x74pKcsv,op4_100µM,e1,100.0,100.0
WELL216188,seq_fZdM75LF,plt_x74pKcsv,op4_100µM,e10,100.0,100.0
WELL216189,seq_Y2RGoSQj,plt_x74pKcsv,op4_100µM,e11,100.0,100.0
WELL216190,seq_ER3JktMi,plt_x74pKcsv,op4_100µM,e12,100.0,100.0
WELL216180,seq_IBekmpYc,plt_x74pKcsv,op4_100µM,e2,100.0,100.0
WELL216181,seq_ailEunNi,plt_x74pKcsv,op4_100µM,e3,100.0,100.0
WELL216182,seq_brwgxagN,plt_x74pKcsv,op4_100µM,e4,100.0,100.0
WELL216183,,plt_x74pKcsv,op4_100µM,e5,,
WELL216184,seq_KchuJ9Va,plt_x74pKcsv,op4_100µM,e6,100.0,100.0
WELL216185,seq_C6VOBUpM,plt_x74pKcsv,op4_100µM,e7,100.0,100.0
WELL216186,seq_egQPpWa8,plt_x74pKcsv,op4_100µM,e8,100.0,100.0
WELL216187,seq_sMKKD5Ga,plt_x74pKcsv,op4_100µM,e9,100.0,100.0
WELL216191,seq_bxzE53Lh,plt_x74pKcsv,op4_100µM,f1,100.0,100.0
WELL216200,seq_ekTLbzSw,plt_x74pKcsv,op4_100µM,f10,100.0,100.0
WELL216201,seq_eYs331re,plt_x74pKcsv,op4_100µM,f11,100.0,100.0
WELL216202,seq_HViaGpyT,plt_x74pKcsv,op4_100µM,f12,100.0,100.0
WELL216192,seq_5tiUOdoQ,plt_x74pKcsv,op4_100µM,f2,100.0,100.0
WELL216193,seq_QVO3rgVC,plt_x74pKcsv,op4_100µM,f3,100.0,100.0
WELL216194,seq_W4xdyDg7,plt_x74pKcsv,op4_100µM,f4,100.0,100.0
WELL216195,,plt_x74pKcsv,op4_100µM,f5,,
WELL216196,seq_k9jOWnMd,plt_x74pKcsv,op4_100µM,f6,100.0,100.0
WELL216197,seq_cFG9rqkx,plt_x74pKcsv,op4_100µM,f7,100.0,100.0
WELL216198,seq_91kAsD9B,plt_x74pKcsv,op4_100µM,f8,100.0,100.0
WELL216199,seq_xnykWQhu,plt_x74pKcsv,op4_100µM,f9,100.0,100.0
WELL216203,seq_CRLU6pLB,plt_x74pKcsv,op4_100µM,g1,100.0,100.0
WELL216212,seq_oT4EEvRm,plt_x74pKcsv,op4_100µM,g10,100.0,100.0
WELL216213,seq_kSf3QW15,plt_x74pKcsv,op4_100µM,g11,100.0,100.0
WELL216214,seq_aVIKwYHr,plt_x74pKcsv,op4_100µM,g12,100.0,100.0
WELL216204,seq_2dj3bXtj,plt_x74pKcsv,op4_100µM,g2,100.0,100.0
WELL216205,seq_tPsD0Bz4,plt_x74pKcsv,op4_100µM,g3,100.0,100.0
WELL216206,seq_8he4zetz,plt_x74pKcsv,op4_100µM,g4,100.0,100.0
WELL216207,,plt_x74pKcsv,op4_100µM,g5,,
WELL216208,seq_kRTj2eRp,plt_x74pKcsv,op4_100µM,g6,100.0,100.0
WELL216209,seq_2MuWrmFu,plt_x74pKcsv,op4_100µM,g7,100.0,100.0
WELL216210,seq_NYd2kD2C,plt_x74pKcsv,op4_100µM,g8,100.0,100.0
WELL216211,seq_57lArZQc,plt_x74pKcsv,op4_100µM,g9,100.0,100.0
WELL216215,seq_LtIqg5w2,plt_x74pKcsv,op4_100µM,h1,100.0,100.0
WELL216224,seq_hwwemGKR,plt_x74pKcsv,op4_100µM,h10,100.0,100.0
WELL216225,seq_4c1xg9AK,plt_x74pKcsv,op4_100µM,h11,100.0,100.0
WELL216226,seq_36xdSvg4,plt_x74pKcsv,op4_100µM,h12,100.0,100.0
WELL216216,seq_zP3fIFVI,plt_x74pKcsv,op4_100µM,h2,100.0,100.0
WELL216217,seq_vyFnejXb,plt_x74pKcsv,op4_100µM,h3,100.0,100.0
WELL216218,seq_fbSwCmxn,plt_x74pKcsv,op4_100µM,h4,100.0,100.0
WELL216219,,plt_x74pKcsv,op4_100µM,h5,,
WELL216220,seq_OwXtmaOI,plt_x74pKcsv,op4_100µM,h6,100.0,100.0
WELL216221,seq_2XVBQFMS,plt_x74pKcsv,op4_100µM,h7,100.0,100.0
WELL216222,seq_cKprYkjA,plt_x74pKcsv,op4_100µM,h8,100.0,100.0
WELL216223,seq_Sw4hcO57,plt_x74pKcsv,op4_100µM,h9,100.0,100.0
