,position,Sample name,Cellular Compartment,Medium,Sample Type,Temperature (C),Timepoint (h),Cultivation Container ID/Position,Operator Name,Replicate #,Strain,genotype,Cellular compartment
0,A01,,,YPD,Blank,30.0,144.0,,Soeren Petersen,,,,
1,A02,,,YPD,Blank,30.0,144.0,,Soeren Petersen,,,,
2,A03,,,YPD,Blank,30.0,144.0,,Soeren Petersen,,,,
3,A04,,,YPD,Blank,30.0,144.0,,Soeren Petersen,,,,
4,A05,,,YPD,Blank,30.0,144.0,,Soeren Petersen,,,,
5,A06,,,YPD,Blank,30.0,144.0,,Soeren Petersen,,,,
6,A07,,,YPD,Blank,30.0,144.0,,Soeren Petersen,,,,
7,A08,,,YPD,Blank,30.0,144.0,,Soeren Petersen,,,,
8,A09,,,YPD,Blank,30.0,144.0,,Soeren Petersen,,,,
9,A10,,,YPD,Blank,30.0,144.0,,Soeren Petersen,,,,
10,A11,,,YPD,Blank,30.0,144.0,,Soeren Petersen,,,,
11,A12,,,YPD,Blank,30.0,144.0,,Soeren Petersen,,,,
12,B01,,,YPD,Blank,30.0,144.0,,Soeren Petersen,,,,
13,B02,20210330_MIA-HA-2_1,,YPD,Specimen,30.0,144.0,,Soeren Petersen,1.0,MIA-HA-2,pCYC1_pURE2,
14,B03,20210330_MIA-HA-2_2,,YPD,Specimen,30.0,144.0,,Soeren Petersen,2.0,MIA-HA-2,pCYC1_pURE2,
15,B04,20210330_MIA-HA-2_3,,YPD,Specimen,30.0,144.0,,Soeren Petersen,3.0,MIA-HA-2,pCYC1_pURE2,
16,B05,20210330_MIA-HA-3_1,,YPD,Specimen,30.0,144.0,,Soeren Petersen,1.0,MIA-HA-3,pCYC1_pTPI1,
17,B06,20210330_MIA-HA-3_2,,YPD,Specimen,30.0,144.0,,Soeren Petersen,2.0,MIA-HA-3,pCYC1_pTPI1,
18,B07,20210330_MIA-HA-3_3,,YPD,Specimen,30.0,144.0,,Soeren Petersen,3.0,MIA-HA-3,pCYC1_pTPI1,
19,B08,20210330_MIA-HA-4_1,,YPD,Specimen,30.0,144.0,,Soeren Petersen,1.0,MIA-HA-4,pCYC1_pMLS1,
20,B09,20210330_MIA-HA-4_2,,YPD,Specimen,30.0,144.0,,Soeren Petersen,2.0,MIA-HA-4,pCYC1_pMLS1,
21,B10,20210330_MIA-HA-4_3,,YPD,Specimen,30.0,144.0,,Soeren Petersen,3.0,MIA-HA-4,pCYC1_pMLS1,
22,B11,20210330_MIA-HA-5_1,,YPD,Specimen,30.0,144.0,,Soeren Petersen,1.0,MIA-HA-5,pCYC1_pCCW12,
23,B12,,,YPD,Blank,30.0,144.0,,Soeren Petersen,,,,
24,C01,,,YPD,Blank,30.0,144.0,,Soeren Petersen,,,,
25,C02,20210330_MIA-HA-5_2,,YPD,Specimen,30.0,144.0,,Soeren Petersen,2.0,MIA-HA-5,pCYC1_pCCW12,
26,C03,20210330_MIA-HA-5_3,,YPD,Specimen,30.0,144.0,,Soeren Petersen,3.0,MIA-HA-5,pCYC1_pCCW12,
27,C04,20210330_MIA-HA-6_1,,YPD,Specimen,30.0,144.0,,Soeren Petersen,1.0,MIA-HA-6,pENO2_pURE2,
28,C05,20210330_MIA-HA-6_2,,YPD,Specimen,30.0,144.0,,Soeren Petersen,2.0,MIA-HA-6,pENO2_pURE2,
29,C06,20210330_MIA-HA-6_3,,YPD,Specimen,30.0,144.0,,Soeren Petersen,3.0,MIA-HA-6,pENO2_pURE2,
30,C07,20210330_MIA-HA-7_1,,YPD,Specimen,30.0,144.0,,Soeren Petersen,1.0,MIA-HA-7,pENO2_pTPI1,
31,C08,20210330_MIA-HA-7_2,,YPD,Specimen,30.0,144.0,,Soeren Petersen,2.0,MIA-HA-7,pENO2_pTPI1,
32,C09,20210330_MIA-HA-7_3,,YPD,Specimen,30.0,144.0,,Soeren Petersen,3.0,MIA-HA-7,pENO2_pTPI1,
33,C10,20210330_MIA-HA-8_1,,YPD,Specimen,30.0,144.0,,Soeren Petersen,1.0,MIA-HA-8,pENO2_pMLS1,
34,C11,20210330_MIA-HA-8_2,,YPD,Specimen,30.0,144.0,,Soeren Petersen,2.0,MIA-HA-8,pENO2_pMLS1,
35,C12,,,YPD,Blank,30.0,144.0,,Soeren Petersen,,,,
36,D01,,,YPD,Blank,30.0,144.0,,Soeren Petersen,,,,
37,D02,20210330_MIA-HA-8_3,,YPD,Specimen,30.0,144.0,,Soeren Petersen,3.0,MIA-HA-8,pENO2_pMLS1,
38,D03,20210330_MIA-HA-9_1,,YPD,Specimen,30.0,144.0,,Soeren Petersen,1.0,MIA-HA-9,pENO2_pCCW12,
39,D04,20210330_MIA-HA-9_2,,YPD,Specimen,30.0,144.0,,Soeren Petersen,2.0,MIA-HA-9,pENO2_pCCW12,
40,D05,20210330_MIA-HA-9_3,,YPD,Specimen,30.0,144.0,,Soeren Petersen,3.0,MIA-HA-9,pENO2_pCCW12,
41,D06,20210330_MIA-HA-10_1,,YPD,Specimen,30.0,144.0,,Soeren Petersen,1.0,MIA-HA-10,pPCK1_pURE2,
42,D07,20210330_MIA-HA-10_2,,YPD,Specimen,30.0,144.0,,Soeren Petersen,2.0,MIA-HA-10,pPCK1_pURE2,
43,D08,20210330_MIA-HA-10_3,,YPD,Specimen,30.0,144.0,,Soeren Petersen,3.0,MIA-HA-10,pPCK1_pURE2,
44,D09,20210330_MIA-HA-11_1,,YPD,Specimen,30.0,144.0,,Soeren Petersen,1.0,MIA-HA-11,pPCK1_pTPI1,
45,D10,20210330_MIA-HA-11_2,,YPD,Specimen,30.0,144.0,,Soeren Petersen,2.0,MIA-HA-11,pPCK1_pTPI1,
46,D11,20210330_MIA-HA-11_3,,YPD,Specimen,30.0,144.0,,Soeren Petersen,3.0,MIA-HA-11,pPCK1_pTPI1,
47,D12,,,YPD,Blank,30.0,144.0,,Soeren Petersen,,,,
48,E01,,,YPD,Blank,30.0,144.0,,Soeren Petersen,,,,
49,E02,20210330_MIA-HA-12_1,,YPD,Specimen,30.0,144.0,,Soeren Petersen,1.0,MIA-HA-12,pPCK1_pMLS1,
50,E03,20210330_MIA-HA-12_2,,YPD,Specimen,30.0,144.0,,Soeren Petersen,2.0,MIA-HA-12,pPCK1_pMLS1,
51,E04,20210330_MIA-HA-12_3,,YPD,Specimen,30.0,144.0,,Soeren Petersen,3.0,MIA-HA-12,pPCK1_pMLS1,
52,E05,20210330_MIA-HA-13_1,,YPD,Specimen,30.0,144.0,,Soeren Petersen,1.0,MIA-HA-13,pPCK1_pCCW12,
53,E06,20210330_MIA-HA-13_2,,YPD,Specimen,30.0,144.0,,Soeren Petersen,2.0,MIA-HA-13,pPCK1_pCCW12,
54,E07,20210330_MIA-HA-13_3,,YPD,Specimen,30.0,144.0,,Soeren Petersen,3.0,MIA-HA-13,pPCK1_pCCW12,
55,E08,20210330_MIA-HA-14_1,,YPD,Specimen,30.0,144.0,,Soeren Petersen,1.0,MIA-HA-14,pRPL15B_pURE2,
56,E09,20210330_MIA-HA-14_2,,YPD,Specimen,30.0,144.0,,Soeren Petersen,2.0,MIA-HA-14,pRPL15B_pURE2,
57,E10,20210330_MIA-HA-14_3,,YPD,Specimen,30.0,144.0,,Soeren Petersen,3.0,MIA-HA-14,pRPL15B_pURE2,
58,E11,20210330_MIA-HA-15_1,,YPD,Specimen,30.0,144.0,,Soeren Petersen,1.0,MIA-HA-15,pRPL15B_pTPI1,
59,E12,,,YPD,Blank,30.0,144.0,,Soeren Petersen,,,,
60,F01,,,YPD,Blank,30.0,144.0,,Soeren Petersen,,,,
61,F02,20210330_MIA-HA-15_2,,YPD,Specimen,30.0,144.0,,Soeren Petersen,2.0,MIA-HA-15,pRPL15B_pTPI1,
62,F03,20210330_MIA-HA-15_3,,YPD,Specimen,30.0,144.0,,Soeren Petersen,3.0,MIA-HA-15,pRPL15B_pTPI1,
63,F04,20210330_MIA-HA-16_1,,YPD,Specimen,30.0,144.0,,Soeren Petersen,1.0,MIA-HA-16,pRPL15B_pMLS1,
64,F05,20210330_MIA-HA-16_2,,YPD,Specimen,30.0,144.0,,Soeren Petersen,2.0,MIA-HA-16,pRPL15B_pMLS1,
65,F06,20210330_MIA-HA-16_3,,YPD,Specimen,30.0,144.0,,Soeren Petersen,3.0,MIA-HA-16,pRPL15B_pMLS1,
66,F07,20210330_MIA-HA-17_1,,YPD,Specimen,30.0,144.0,,Soeren Petersen,1.0,MIA-HA-17,pRPL15B_pCCW12,
67,F08,20210330_MIA-HA-17_2,,YPD,Specimen,30.0,144.0,,Soeren Petersen,2.0,MIA-HA-17,pRPL15B_pCCW12,
68,F09,20210330_MIA-HA-17_3,,YPD,Specimen,30.0,144.0,,Soeren Petersen,3.0,MIA-HA-17,pRPL15B_pCCW12,
69,F10,20210330_MIA-HA-1b_1,,YPD,Specimen,30.0,144.0,,Soeren Petersen,1.0,MIA-HA-1b,,
70,F11,20210330_MIA-HA-1b_2,,YPD,Specimen,30.0,144.0,,Soeren Petersen,2.0,MIA-HA-1b,,
71,F12,,,YPD,Blank,30.0,144.0,,Soeren Petersen,,,,
72,G01,,,YPD,Blank,30.0,144.0,,Soeren Petersen,,,,
73,G02,20210330_MIA-HA-1b_3,,YPD,Specimen,30.0,144.0,,Soeren Petersen,3.0,MIA-HA-1b,,
74,G03,,,YPD,Blank,30.0,144.0,,Soeren Petersen,,,,
75,G04,,,YPD,Blank,30.0,144.0,,Soeren Petersen,,,,
76,G05,,,YPD,Blank,30.0,144.0,,Soeren Petersen,,,,
77,G06,,,YPD,Blank,30.0,144.0,,Soeren Petersen,,,,
78,G07,20210330_MIA-HA-17_1,,YPD,Specimen,30.0,144.0,,Soeren Petersen,1.0,MIA-HA-17,pRPL15B_pCCW12,
79,G08,20210330_MIA-HA-17_2,,YPD,Specimen,30.0,144.0,,Soeren Petersen,2.0,MIA-HA-17,pRPL15B_pCCW12,
80,G09,20210330_MIA-HA-17_3,,YPD,Specimen,30.0,144.0,,Soeren Petersen,3.0,MIA-HA-17,pRPL15B_pCCW12,
81,G10,,,YPD,Blank,30.0,144.0,,Soeren Petersen,,,,
82,G11,,,YPD,Blank,30.0,144.0,,Soeren Petersen,,,,
83,G12,,,YPD,Blank,30.0,144.0,,Soeren Petersen,,,,
84,H01,,,YPD,Blank,30.0,144.0,,Soeren Petersen,,,,
85,H02,,,YPD,Blank,30.0,144.0,,Soeren Petersen,,,,
86,H03,,,YPD,Blank,30.0,144.0,,Soeren Petersen,,,,
87,H04,,,YPD,Blank,30.0,144.0,,Soeren Petersen,,,,
88,H05,,,YPD,Blank,30.0,144.0,,Soeren Petersen,,,,
89,H06,,,YPD,Blank,30.0,144.0,,Soeren Petersen,,,,
90,H07,,,YPD,Blank,30.0,144.0,,Soeren Petersen,,,,
91,H08,,,YPD,Blank,30.0,144.0,,Soeren Petersen,,,,
92,H09,,,YPD,Blank,30.0,144.0,,Soeren Petersen,,,,
93,H10,,,YPD,Blank,30.0,144.0,,Soeren Petersen,,,,
94,H11,,,YPD,Blank,30.0,144.0,,Soeren Petersen,,,,
95,H12,,,YPD,Blank,30.0,144.0,,Soeren Petersen,,,,
96,A01,,,YPD + 1 mM tryptamine + 0.2 mM geraniol,Blank,30.0,144.0,,Soeren Petersen,,,,
97,A02,,,YPD + 1 mM tryptamine + 0.2 mM geraniol,Blank,30.0,144.0,,Soeren Petersen,,,,
98,A03,,,YPD + 1 mM tryptamine + 0.2 mM geraniol,Blank,30.0,144.0,,Soeren Petersen,,,,
99,A04,,,YPD + 1 mM tryptamine + 0.2 mM geraniol,Blank,30.0,144.0,,Soeren Petersen,,,,
100,A05,,,YPD + 1 mM tryptamine + 0.2 mM geraniol,Blank,30.0,144.0,,Soeren Petersen,,,,
101,A06,,,YPD + 1 mM tryptamine + 0.2 mM geraniol,Blank,30.0,144.0,,Soeren Petersen,,,,
102,A07,,,YPD + 1 mM tryptamine + 0.2 mM geraniol,Blank,30.0,144.0,,Soeren Petersen,,,,
103,A08,,,YPD + 1 mM tryptamine + 0.2 mM geraniol,Blank,30.0,144.0,,Soeren Petersen,,,,
104,A09,,,YPD + 1 mM tryptamine + 0.2 mM geraniol,Blank,30.0,144.0,,Soeren Petersen,,,,
105,A10,,,YPD + 1 mM tryptamine + 0.2 mM geraniol,Blank,30.0,144.0,,Soeren Petersen,,,,
106,A11,,,YPD + 1 mM tryptamine + 0.2 mM geraniol,Blank,30.0,144.0,,Soeren Petersen,,,,
107,A12,,,YPD + 1 mM tryptamine + 0.2 mM geraniol,Blank,30.0,144.0,,Soeren Petersen,,,,
108,B01,,,YPD + 1 mM tryptamine + 0.2 mM geraniol,Blank,30.0,144.0,,Soeren Petersen,,,,
109,B02,20210330_MIA-HA-2_1,,YPD + 1 mM tryptamine + 0.2 mM geraniol,Specimen,30.0,144.0,,Soeren Petersen,1.0,MIA-HA-2,pCYC1_pURE2,
110,B03,20210330_MIA-HA-2_2,,YPD + 1 mM tryptamine + 0.2 mM geraniol,Specimen,30.0,144.0,,Soeren Petersen,2.0,MIA-HA-2,pCYC1_pURE2,
111,B04,20210330_MIA-HA-2_3,,YPD + 1 mM tryptamine + 0.2 mM geraniol,Specimen,30.0,144.0,,Soeren Petersen,3.0,MIA-HA-2,pCYC1_pURE2,
112,B05,20210330_MIA-HA-3_1,,YPD + 1 mM tryptamine + 0.2 mM geraniol,Specimen,30.0,144.0,,Soeren Petersen,1.0,MIA-HA-3,pCYC1_pTPI1,
113,B06,20210330_MIA-HA-3_2,,YPD + 1 mM tryptamine + 0.2 mM geraniol,Specimen,30.0,144.0,,Soeren Petersen,2.0,MIA-HA-3,pCYC1_pTPI1,
114,B07,20210330_MIA-HA-3_3,,YPD + 1 mM tryptamine + 0.2 mM geraniol,Specimen,30.0,144.0,,Soeren Petersen,3.0,MIA-HA-3,pCYC1_pTPI1,
115,B08,20210330_MIA-HA-4_1,,YPD + 1 mM tryptamine + 0.2 mM geraniol,Specimen,30.0,144.0,,Soeren Petersen,1.0,MIA-HA-4,pCYC1_pMLS1,
116,B09,20210330_MIA-HA-4_2,,YPD + 1 mM tryptamine + 0.2 mM geraniol,Specimen,30.0,144.0,,Soeren Petersen,2.0,MIA-HA-4,pCYC1_pMLS1,
117,B10,20210330_MIA-HA-4_3,,YPD + 1 mM tryptamine + 0.2 mM geraniol,Specimen,30.0,144.0,,Soeren Petersen,3.0,MIA-HA-4,pCYC1_pMLS1,
118,B11,20210330_MIA-HA-5_1,,YPD + 1 mM tryptamine + 0.2 mM geraniol,Specimen,30.0,144.0,,Soeren Petersen,1.0,MIA-HA-5,pCYC1_pCCW12,
119,B12,,,YPD + 1 mM tryptamine + 0.2 mM geraniol,Blank,30.0,144.0,,Soeren Petersen,,,,
120,C01,,,YPD + 1 mM tryptamine + 0.2 mM geraniol,Blank,30.0,144.0,,Soeren Petersen,,,,
121,C02,20210330_MIA-HA-5_2,,YPD + 1 mM tryptamine + 0.2 mM geraniol,Specimen,30.0,144.0,,Soeren Petersen,2.0,MIA-HA-5,pCYC1_pCCW12,
122,C03,20210330_MIA-HA-5_3,,YPD + 1 mM tryptamine + 0.2 mM geraniol,Specimen,30.0,144.0,,Soeren Petersen,3.0,MIA-HA-5,pCYC1_pCCW12,
123,C04,20210330_MIA-HA-6_1,,YPD + 1 mM tryptamine + 0.2 mM geraniol,Specimen,30.0,144.0,,Soeren Petersen,1.0,MIA-HA-6,pENO2_pURE2,
124,C05,20210330_MIA-HA-6_2,,YPD + 1 mM tryptamine + 0.2 mM geraniol,Specimen,30.0,144.0,,Soeren Petersen,2.0,MIA-HA-6,pENO2_pURE2,
125,C06,20210330_MIA-HA-6_3,,YPD + 1 mM tryptamine + 0.2 mM geraniol,Specimen,30.0,144.0,,Soeren Petersen,3.0,MIA-HA-6,pENO2_pURE2,
126,C07,20210330_MIA-HA-7_1,,YPD + 1 mM tryptamine + 0.2 mM geraniol,Specimen,30.0,144.0,,Soeren Petersen,1.0,MIA-HA-7,pENO2_pTPI1,
127,C08,20210330_MIA-HA-7_2,,YPD + 1 mM tryptamine + 0.2 mM geraniol,Specimen,30.0,144.0,,Soeren Petersen,2.0,MIA-HA-7,pENO2_pTPI1,
128,C09,20210330_MIA-HA-7_3,,YPD + 1 mM tryptamine + 0.2 mM geraniol,Specimen,30.0,144.0,,Soeren Petersen,3.0,MIA-HA-7,pENO2_pTPI1,
129,C10,20210330_MIA-HA-8_1,,YPD + 1 mM tryptamine + 0.2 mM geraniol,Specimen,30.0,144.0,,Soeren Petersen,1.0,MIA-HA-8,pENO2_pMLS1,
130,C11,20210330_MIA-HA-8_2,,YPD + 1 mM tryptamine + 0.2 mM geraniol,Specimen,30.0,144.0,,Soeren Petersen,2.0,MIA-HA-8,pENO2_pMLS1,
131,C12,,,YPD + 1 mM tryptamine + 0.2 mM geraniol,Blank,30.0,144.0,,Soeren Petersen,,,,
132,D01,,,YPD + 1 mM tryptamine + 0.2 mM geraniol,Blank,30.0,144.0,,Soeren Petersen,,,,
133,D02,20210330_MIA-HA-8_3,,YPD + 1 mM tryptamine + 0.2 mM geraniol,Specimen,30.0,144.0,,Soeren Petersen,3.0,MIA-HA-8,pENO2_pMLS1,
134,D03,20210330_MIA-HA-9_1,,YPD + 1 mM tryptamine + 0.2 mM geraniol,Specimen,30.0,144.0,,Soeren Petersen,1.0,MIA-HA-9,pENO2_pCCW12,
135,D04,20210330_MIA-HA-9_2,,YPD + 1 mM tryptamine + 0.2 mM geraniol,Specimen,30.0,144.0,,Soeren Petersen,2.0,MIA-HA-9,pENO2_pCCW12,
136,D05,20210330_MIA-HA-9_3,,YPD + 1 mM tryptamine + 0.2 mM geraniol,Specimen,30.0,144.0,,Soeren Petersen,3.0,MIA-HA-9,pENO2_pCCW12,
137,D06,20210330_MIA-HA-10_1,,YPD + 1 mM tryptamine + 0.2 mM geraniol,Specimen,30.0,144.0,,Soeren Petersen,1.0,MIA-HA-10,pPCK1_pURE2,
138,D07,20210330_MIA-HA-10_2,,YPD + 1 mM tryptamine + 0.2 mM geraniol,Specimen,30.0,144.0,,Soeren Petersen,2.0,MIA-HA-10,pPCK1_pURE2,
139,D08,20210330_MIA-HA-10_3,,YPD + 1 mM tryptamine + 0.2 mM geraniol,Specimen,30.0,144.0,,Soeren Petersen,3.0,MIA-HA-10,pPCK1_pURE2,
140,D09,20210330_MIA-HA-11_1,,YPD + 1 mM tryptamine + 0.2 mM geraniol,Specimen,30.0,144.0,,Soeren Petersen,1.0,MIA-HA-11,pPCK1_pTPI1,
141,D10,20210330_MIA-HA-11_2,,YPD + 1 mM tryptamine + 0.2 mM geraniol,Specimen,30.0,144.0,,Soeren Petersen,2.0,MIA-HA-11,pPCK1_pTPI1,
142,D11,20210330_MIA-HA-11_3,,YPD + 1 mM tryptamine + 0.2 mM geraniol,Specimen,30.0,144.0,,Soeren Petersen,3.0,MIA-HA-11,pPCK1_pTPI1,
143,D12,,,YPD + 1 mM tryptamine + 0.2 mM geraniol,Blank,30.0,144.0,,Soeren Petersen,,,,
144,E01,,,YPD + 1 mM tryptamine + 0.2 mM geraniol,Blank,30.0,144.0,,Soeren Petersen,,,,
145,E02,20210330_MIA-HA-12_1,,YPD + 1 mM tryptamine + 0.2 mM geraniol,Specimen,30.0,144.0,,Soeren Petersen,1.0,MIA-HA-12,pPCK1_pMLS1,
146,E03,20210330_MIA-HA-12_2,,YPD + 1 mM tryptamine + 0.2 mM geraniol,Specimen,30.0,144.0,,Soeren Petersen,2.0,MIA-HA-12,pPCK1_pMLS1,
147,E04,20210330_MIA-HA-12_3,,YPD + 1 mM tryptamine + 0.2 mM geraniol,Specimen,30.0,144.0,,Soeren Petersen,3.0,MIA-HA-12,pPCK1_pMLS1,
148,E05,20210330_MIA-HA-13_1,,YPD + 1 mM tryptamine + 0.2 mM geraniol,Specimen,30.0,144.0,,Soeren Petersen,1.0,MIA-HA-13,pPCK1_pCCW12,
149,E06,20210330_MIA-HA-13_2,,YPD + 1 mM tryptamine + 0.2 mM geraniol,Specimen,30.0,144.0,,Soeren Petersen,2.0,MIA-HA-13,pPCK1_pCCW12,
150,E07,20210330_MIA-HA-13_3,,YPD + 1 mM tryptamine + 0.2 mM geraniol,Specimen,30.0,144.0,,Soeren Petersen,3.0,MIA-HA-13,pPCK1_pCCW12,
151,E08,20210330_MIA-HA-14_1,,YPD + 1 mM tryptamine + 0.2 mM geraniol,Specimen,30.0,144.0,,Soeren Petersen,1.0,MIA-HA-14,pRPL15B_pURE2,
152,E09,20210330_MIA-HA-14_2,,YPD + 1 mM tryptamine + 0.2 mM geraniol,Specimen,30.0,144.0,,Soeren Petersen,2.0,MIA-HA-14,pRPL15B_pURE2,
153,E10,20210330_MIA-HA-14_3,,YPD + 1 mM tryptamine + 0.2 mM geraniol,Specimen,30.0,144.0,,Soeren Petersen,3.0,MIA-HA-14,pRPL15B_pURE2,
154,E11,20210330_MIA-HA-15_1,,YPD + 1 mM tryptamine + 0.2 mM geraniol,Specimen,30.0,144.0,,Soeren Petersen,1.0,MIA-HA-15,pRPL15B_pTPI1,
155,E12,,,YPD + 1 mM tryptamine + 0.2 mM geraniol,Blank,30.0,144.0,,Soeren Petersen,,,,
156,F01,,,YPD + 1 mM tryptamine + 0.2 mM geraniol,Blank,30.0,144.0,,Soeren Petersen,,,,
157,F02,20210330_MIA-HA-15_2,,YPD + 1 mM tryptamine + 0.2 mM geraniol,Specimen,30.0,144.0,,Soeren Petersen,2.0,MIA-HA-15,pRPL15B_pTPI1,
158,F03,20210330_MIA-HA-15_3,,YPD + 1 mM tryptamine + 0.2 mM geraniol,Specimen,30.0,144.0,,Soeren Petersen,3.0,MIA-HA-15,pRPL15B_pTPI1,
159,F04,20210330_MIA-HA-16_1,,YPD + 1 mM tryptamine + 0.2 mM geraniol,Specimen,30.0,144.0,,Soeren Petersen,1.0,MIA-HA-16,pRPL15B_pMLS1,
160,F05,20210330_MIA-HA-16_2,,YPD + 1 mM tryptamine + 0.2 mM geraniol,Specimen,30.0,144.0,,Soeren Petersen,2.0,MIA-HA-16,pRPL15B_pMLS1,
161,F06,20210330_MIA-HA-16_3,,YPD + 1 mM tryptamine + 0.2 mM geraniol,Specimen,30.0,144.0,,Soeren Petersen,3.0,MIA-HA-16,pRPL15B_pMLS1,
162,F07,20210330_MIA-HA-17_1,,YPD + 1 mM tryptamine + 0.2 mM geraniol,Specimen,30.0,144.0,,Soeren Petersen,1.0,MIA-HA-17,pRPL15B_pCCW12,
163,F08,20210330_MIA-HA-17_2,,YPD + 1 mM tryptamine + 0.2 mM geraniol,Specimen,30.0,144.0,,Soeren Petersen,2.0,MIA-HA-17,pRPL15B_pCCW12,
164,F09,20210330_MIA-HA-17_3,,YPD + 1 mM tryptamine + 0.2 mM geraniol,Specimen,30.0,144.0,,Soeren Petersen,3.0,MIA-HA-17,pRPL15B_pCCW12,
165,F10,20210330_MIA-HA-1b_1,,YPD + 1 mM tryptamine + 0.2 mM geraniol,Specimen,30.0,144.0,,Soeren Petersen,1.0,MIA-HA-1b,,
166,F11,20210330_MIA-HA-1b_2,,YPD + 1 mM tryptamine + 0.2 mM geraniol,Specimen,30.0,144.0,,Soeren Petersen,2.0,MIA-HA-1b,,
167,F12,,,YPD + 1 mM tryptamine + 0.2 mM geraniol,Blank,30.0,144.0,,Soeren Petersen,,,,
168,G01,,,YPD + 1 mM tryptamine + 0.2 mM geraniol,Blank,30.0,144.0,,Soeren Petersen,,,,
169,G02,20210330_MIA-HA-1b_3,,YPD + 1 mM tryptamine + 0.2 mM geraniol,Specimen,30.0,144.0,,Soeren Petersen,3.0,MIA-HA-1b,,
170,G03,,,YPD + 1 mM tryptamine + 0.2 mM geraniol,Blank,30.0,144.0,,Soeren Petersen,,,,
171,G04,,,YPD + 1 mM tryptamine + 0.2 mM geraniol,Blank,30.0,144.0,,Soeren Petersen,,,,
172,G05,,,YPD + 1 mM tryptamine + 0.2 mM geraniol,Blank,30.0,144.0,,Soeren Petersen,,,,
173,G06,,,YPD + 1 mM tryptamine + 0.2 mM geraniol,Blank,30.0,144.0,,Soeren Petersen,,,,
174,G07,20210330_MIA-HA-17_1,,YPD + 1 mM tryptamine + 0.2 mM geraniol,Specimen,30.0,144.0,,Soeren Petersen,1.0,MIA-HA-17,pRPL15B_pCCW12,
175,G08,20210330_MIA-HA-17_2,,YPD + 1 mM tryptamine + 0.2 mM geraniol,Specimen,30.0,144.0,,Soeren Petersen,2.0,MIA-HA-17,pRPL15B_pCCW12,
176,G09,20210330_MIA-HA-17_3,,YPD + 1 mM tryptamine + 0.2 mM geraniol,Specimen,30.0,144.0,,Soeren Petersen,3.0,MIA-HA-17,pRPL15B_pCCW12,
177,G10,,,YPD + 1 mM tryptamine + 0.2 mM geraniol,Blank,30.0,144.0,,Soeren Petersen,,,,
178,G11,,,YPD + 1 mM tryptamine + 0.2 mM geraniol,Blank,30.0,144.0,,Soeren Petersen,,,,
179,G12,,,YPD + 1 mM tryptamine + 0.2 mM geraniol,Blank,30.0,144.0,,Soeren Petersen,,,,
180,H01,,,YPD + 1 mM tryptamine + 0.2 mM geraniol,Blank,30.0,144.0,,Soeren Petersen,,,,
181,H02,,,YPD + 1 mM tryptamine + 0.2 mM geraniol,Blank,30.0,144.0,,Soeren Petersen,,,,
182,H03,,,YPD + 1 mM tryptamine + 0.2 mM geraniol,Blank,30.0,144.0,,Soeren Petersen,,,,
183,H04,,,YPD + 1 mM tryptamine + 0.2 mM geraniol,Blank,30.0,144.0,,Soeren Petersen,,,,
184,H05,,,YPD + 1 mM tryptamine + 0.2 mM geraniol,Blank,30.0,144.0,,Soeren Petersen,,,,
185,H06,,,YPD + 1 mM tryptamine + 0.2 mM geraniol,Blank,30.0,144.0,,Soeren Petersen,,,,
186,H07,,,YPD + 1 mM tryptamine + 0.2 mM geraniol,Blank,30.0,144.0,,Soeren Petersen,,,,
187,H08,,,YPD + 1 mM tryptamine + 0.2 mM geraniol,Blank,30.0,144.0,,Soeren Petersen,,,,
188,H09,,,YPD + 1 mM tryptamine + 0.2 mM geraniol,Blank,30.0,144.0,,Soeren Petersen,,,,
189,H10,,,YPD + 1 mM tryptamine + 0.2 mM geraniol,Blank,30.0,144.0,,Soeren Petersen,,,,
190,H11,,,YPD + 1 mM tryptamine + 0.2 mM geraniol,Blank,30.0,144.0,,Soeren Petersen,,,,
191,H12,,,YPD + 1 mM tryptamine + 0.2 mM geraniol,Blank,30.0,144.0,,Soeren Petersen,,,,
192,A01,MIA-HA-51_1,,YPD + 1 mM tryptamine + 0.2 mM geraniol,Specimen,30.0,144.0,,Soeren Petersen,1.0,MIA-HA-51,CacuG8H CroCPR,Extracellular Region
193,A02,MIA-HA-51_2,,YPD + 1 mM tryptamine + 0.2 mM geraniol,Specimen,30.0,144.0,,Soeren Petersen,2.0,MIA-HA-51,CacuG8H CroCPR,Extracellular Region
194,A03,MIA-HA-51_3,,YPD + 1 mM tryptamine + 0.2 mM geraniol,Specimen,30.0,144.0,,Soeren Petersen,3.0,MIA-HA-51,CacuG8H CroCPR,Extracellular Region
195,A04,MIA-HA-52_1,,YPD + 1 mM tryptamine + 0.2 mM geraniol,Specimen,30.0,144.0,,Soeren Petersen,1.0,MIA-HA-52,CacuG8H AanCPR,Extracellular Region
196,A05,MIA-HA-52_2,,YPD + 1 mM tryptamine + 0.2 mM geraniol,Specimen,30.0,144.0,,Soeren Petersen,2.0,MIA-HA-52,CacuG8H AanCPR,Extracellular Region
197,A06,MIA-HA-52_3,,YPD + 1 mM tryptamine + 0.2 mM geraniol,Specimen,30.0,144.0,,Soeren Petersen,3.0,MIA-HA-52,CacuG8H AanCPR,Extracellular Region
198,A07,MIA-HA-53_1,,YPD + 1 mM tryptamine + 0.2 mM geraniol,Specimen,30.0,144.0,,Soeren Petersen,1.0,MIA-HA-53,CacuG8H AraCPR,Extracellular Region
199,A08,MIA-HA-53_2,,YPD + 1 mM tryptamine + 0.2 mM geraniol,Specimen,30.0,144.0,,Soeren Petersen,2.0,MIA-HA-53,CacuG8H AraCPR,Extracellular Region
200,A09,MIA-HA-53_3,,YPD + 1 mM tryptamine + 0.2 mM geraniol,Specimen,30.0,144.0,,Soeren Petersen,3.0,MIA-HA-53,CacuG8H AraCPR,Extracellular Region
201,A10,MIA-HA-54_1,,YPD + 1 mM tryptamine + 0.2 mM geraniol,Specimen,30.0,144.0,,Soeren Petersen,1.0,MIA-HA-54,CacuG8H CloCPR,Extracellular Region
202,A11,MIA-HA-54_2,,YPD + 1 mM tryptamine + 0.2 mM geraniol,Specimen,30.0,144.0,,Soeren Petersen,2.0,MIA-HA-54,CacuG8H CloCPR,Extracellular Region
203,A12,MIA-HA-54_3,,YPD + 1 mM tryptamine + 0.2 mM geraniol,Specimen,30.0,144.0,,Soeren Petersen,3.0,MIA-HA-54,CacuG8H CloCPR,Extracellular Region
204,B01,MIA-HA-55_1,,YPD + 1 mM tryptamine + 0.2 mM geraniol,Specimen,30.0,144.0,,Soeren Petersen,1.0,MIA-HA-55,CacuG8H RseCPR,Extracellular Region
205,B02,MIA-HA-55_2,,YPD + 1 mM tryptamine + 0.2 mM geraniol,Specimen,30.0,144.0,,Soeren Petersen,2.0,MIA-HA-55,CacuG8H RseCPR,Extracellular Region
206,B03,MIA-HA-55_3,,YPD + 1 mM tryptamine + 0.2 mM geraniol,Specimen,30.0,144.0,,Soeren Petersen,3.0,MIA-HA-55,CacuG8H RseCPR,Extracellular Region
207,B04,MIA-HA-56_1,,YPD + 1 mM tryptamine + 0.2 mM geraniol,Specimen,30.0,144.0,,Soeren Petersen,1.0,MIA-HA-56,CacuG8H AhuCPR,Extracellular Region
208,B05,MIA-HA-56_2,,YPD + 1 mM tryptamine + 0.2 mM geraniol,Specimen,30.0,144.0,,Soeren Petersen,2.0,MIA-HA-56,CacuG8H AhuCPR,Extracellular Region
209,B06,MIA-HA-56_3,,YPD + 1 mM tryptamine + 0.2 mM geraniol,Specimen,30.0,144.0,,Soeren Petersen,3.0,MIA-HA-56,CacuG8H AhuCPR,Extracellular Region
210,B07,MIA-HA-57_1,,YPD + 1 mM tryptamine + 0.2 mM geraniol,Specimen,30.0,144.0,,Soeren Petersen,1.0,MIA-HA-57,CacuG8H AniCPR,Extracellular Region
211,B08,MIA-HA-57_2,,YPD + 1 mM tryptamine + 0.2 mM geraniol,Specimen,30.0,144.0,,Soeren Petersen,2.0,MIA-HA-57,CacuG8H AniCPR,Extracellular Region
212,B09,MIA-HA-57_3,,YPD + 1 mM tryptamine + 0.2 mM geraniol,Specimen,30.0,144.0,,Soeren Petersen,3.0,MIA-HA-57,CacuG8H AniCPR,Extracellular Region
213,B10,MIA-HA-58_1,,YPD + 1 mM tryptamine + 0.2 mM geraniol,Specimen,30.0,144.0,,Soeren Petersen,1.0,MIA-HA-58,CacuG8H CacCPR,Extracellular Region
214,B11,MIA-HA-58_2,,YPD + 1 mM tryptamine + 0.2 mM geraniol,Specimen,30.0,144.0,,Soeren Petersen,2.0,MIA-HA-58,CacuG8H CacCPR,Extracellular Region
215,B12,MIA-HA-58_3,,YPD + 1 mM tryptamine + 0.2 mM geraniol,Specimen,30.0,144.0,,Soeren Petersen,3.0,MIA-HA-58,CacuG8H CacCPR,Extracellular Region
216,C01,MIA-HA-59_1,,YPD + 1 mM tryptamine + 0.2 mM geraniol,Specimen,30.0,144.0,,Soeren Petersen,1.0,MIA-HA-59,CacuG8H OeuCPR,Extracellular Region
217,C02,MIA-HA-59_2,,YPD + 1 mM tryptamine + 0.2 mM geraniol,Specimen,30.0,144.0,,Soeren Petersen,2.0,MIA-HA-59,CacuG8H OeuCPR,Extracellular Region
218,C03,MIA-HA-59_3,,YPD + 1 mM tryptamine + 0.2 mM geraniol,Specimen,30.0,144.0,,Soeren Petersen,3.0,MIA-HA-59,CacuG8H OeuCPR,Extracellular Region
219,C04,MIA-HA-60_1,,YPD + 1 mM tryptamine + 0.2 mM geraniol,Specimen,30.0,144.0,,Soeren Petersen,1.0,MIA-HA-60,CacuG8H CpoCPR,Extracellular Region
220,C05,MIA-HA-60_2,,YPD + 1 mM tryptamine + 0.2 mM geraniol,Specimen,30.0,144.0,,Soeren Petersen,2.0,MIA-HA-60,CacuG8H CpoCPR,Extracellular Region
221,C06,MIA-HA-60_3,,YPD + 1 mM tryptamine + 0.2 mM geraniol,Specimen,30.0,144.0,,Soeren Petersen,3.0,MIA-HA-60,CacuG8H CpoCPR,Extracellular Region
222,C07,MIA-HA-61_1,,YPD + 1 mM tryptamine + 0.2 mM geraniol,Specimen,30.0,144.0,,Soeren Petersen,1.0,MIA-HA-61,OpumG8H CroCPR,Extracellular Region
223,C08,MIA-HA-61_2,,YPD + 1 mM tryptamine + 0.2 mM geraniol,Specimen,30.0,144.0,,Soeren Petersen,2.0,MIA-HA-61,OpumG8H CroCPR,Extracellular Region
224,C09,MIA-HA-61_3,,YPD + 1 mM tryptamine + 0.2 mM geraniol,Specimen,30.0,144.0,,Soeren Petersen,3.0,MIA-HA-61,OpumG8H CroCPR,Extracellular Region
225,C10,MIA-HA-62_1,,YPD + 1 mM tryptamine + 0.2 mM geraniol,Specimen,30.0,144.0,,Soeren Petersen,1.0,MIA-HA-62,OpumG8H AanCPR,Extracellular Region
226,C11,MIA-HA-62_2,,YPD + 1 mM tryptamine + 0.2 mM geraniol,Specimen,30.0,144.0,,Soeren Petersen,2.0,MIA-HA-62,OpumG8H AanCPR,Extracellular Region
227,C12,MIA-HA-62_3,,YPD + 1 mM tryptamine + 0.2 mM geraniol,Specimen,30.0,144.0,,Soeren Petersen,3.0,MIA-HA-62,OpumG8H AanCPR,Extracellular Region
228,D01,MIA-HA-63_1,,YPD + 1 mM tryptamine + 0.2 mM geraniol,Specimen,30.0,144.0,,Soeren Petersen,1.0,MIA-HA-63,OpumG8H AraCPR,Extracellular Region
229,D02,MIA-HA-63_2,,YPD + 1 mM tryptamine + 0.2 mM geraniol,Specimen,30.0,144.0,,Soeren Petersen,2.0,MIA-HA-63,OpumG8H AraCPR,Extracellular Region
230,D03,MIA-HA-63_3,,YPD + 1 mM tryptamine + 0.2 mM geraniol,Specimen,30.0,144.0,,Soeren Petersen,3.0,MIA-HA-63,OpumG8H AraCPR,Extracellular Region
231,D04,MIA-HA-64_1,,YPD + 1 mM tryptamine + 0.2 mM geraniol,Specimen,30.0,144.0,,Soeren Petersen,1.0,MIA-HA-64,OpumG8H CloCPR,Extracellular Region
232,D05,MIA-HA-64_2,,YPD + 1 mM tryptamine + 0.2 mM geraniol,Specimen,30.0,144.0,,Soeren Petersen,2.0,MIA-HA-64,OpumG8H CloCPR,Extracellular Region
233,D06,MIA-HA-64_3,,YPD + 1 mM tryptamine + 0.2 mM geraniol,Specimen,30.0,144.0,,Soeren Petersen,3.0,MIA-HA-64,OpumG8H CloCPR,Extracellular Region
234,D07,MIA-HA-65_1,,YPD + 1 mM tryptamine + 0.2 mM geraniol,Specimen,30.0,144.0,,Soeren Petersen,1.0,MIA-HA-65,OpumG8H RseCPR,Extracellular Region
235,D08,MIA-HA-65_2,,YPD + 1 mM tryptamine + 0.2 mM geraniol,Specimen,30.0,144.0,,Soeren Petersen,2.0,MIA-HA-65,OpumG8H RseCPR,Extracellular Region
236,D09,MIA-HA-65_3,,YPD + 1 mM tryptamine + 0.2 mM geraniol,Specimen,30.0,144.0,,Soeren Petersen,3.0,MIA-HA-65,OpumG8H RseCPR,Extracellular Region
237,D10,MIA-HA-66_1,,YPD + 1 mM tryptamine + 0.2 mM geraniol,Specimen,30.0,144.0,,Soeren Petersen,1.0,MIA-HA-66,OpumG8H AhuCPR,Extracellular Region
238,D11,MIA-HA-66_2,,YPD + 1 mM tryptamine + 0.2 mM geraniol,Specimen,30.0,144.0,,Soeren Petersen,2.0,MIA-HA-66,OpumG8H AhuCPR,Extracellular Region
239,D12,MIA-HA-66_3,,YPD + 1 mM tryptamine + 0.2 mM geraniol,Specimen,30.0,144.0,,Soeren Petersen,3.0,MIA-HA-66,OpumG8H AhuCPR,Extracellular Region
240,E01,MIA-HA-67_1,,YPD + 1 mM tryptamine + 0.2 mM geraniol,Specimen,30.0,144.0,,Soeren Petersen,1.0,MIA-HA-67,OpumG8H AniCPR,Extracellular Region
241,E02,MIA-HA-67_2,,YPD + 1 mM tryptamine + 0.2 mM geraniol,Specimen,30.0,144.0,,Soeren Petersen,2.0,MIA-HA-67,OpumG8H AniCPR,Extracellular Region
242,E03,MIA-HA-67_3,,YPD + 1 mM tryptamine + 0.2 mM geraniol,Specimen,30.0,144.0,,Soeren Petersen,3.0,MIA-HA-67,OpumG8H AniCPR,Extracellular Region
243,E04,MIA-HA-68_1,,YPD + 1 mM tryptamine + 0.2 mM geraniol,Specimen,30.0,144.0,,Soeren Petersen,1.0,MIA-HA-68,OpumG8H CacCPR,Extracellular Region
244,E05,MIA-HA-68_2,,YPD + 1 mM tryptamine + 0.2 mM geraniol,Specimen,30.0,144.0,,Soeren Petersen,2.0,MIA-HA-68,OpumG8H CacCPR,Extracellular Region
245,E06,MIA-HA-68_3,,YPD + 1 mM tryptamine + 0.2 mM geraniol,Specimen,30.0,144.0,,Soeren Petersen,3.0,MIA-HA-68,OpumG8H CacCPR,Extracellular Region
246,E07,MIA-HA-69_1,,YPD + 1 mM tryptamine + 0.2 mM geraniol,Specimen,30.0,144.0,,Soeren Petersen,1.0,MIA-HA-69,OpumG8H OeuCPR,Extracellular Region
247,E08,MIA-HA-69_2,,YPD + 1 mM tryptamine + 0.2 mM geraniol,Specimen,30.0,144.0,,Soeren Petersen,2.0,MIA-HA-69,OpumG8H OeuCPR,Extracellular Region
248,E09,MIA-HA-69_3,,YPD + 1 mM tryptamine + 0.2 mM geraniol,Specimen,30.0,144.0,,Soeren Petersen,3.0,MIA-HA-69,OpumG8H OeuCPR,Extracellular Region
249,E10,MIA-HA-70_1,,YPD + 1 mM tryptamine + 0.2 mM geraniol,Specimen,30.0,144.0,,Soeren Petersen,1.0,MIA-HA-70,OpumG8H CpoCPR,Extracellular Region
250,E11,MIA-HA-70_2,,YPD + 1 mM tryptamine + 0.2 mM geraniol,Specimen,30.0,144.0,,Soeren Petersen,2.0,MIA-HA-70,OpumG8H CpoCPR,Extracellular Region
251,E12,MIA-HA-70_3,,YPD + 1 mM tryptamine + 0.2 mM geraniol,Specimen,30.0,144.0,,Soeren Petersen,3.0,MIA-HA-70,OpumG8H CpoCPR,Extracellular Region
252,F01,MIA-HA-71_1,,YPD + 1 mM tryptamine + 0.2 mM geraniol,Specimen,30.0,144.0,,Soeren Petersen,1.0,MIA-HA-71,CroG8H CroCPR,Extracellular Region
253,F02,MIA-HA-71_2,,YPD + 1 mM tryptamine + 0.2 mM geraniol,Specimen,30.0,144.0,,Soeren Petersen,2.0,MIA-HA-71,CroG8H CroCPR,Extracellular Region
254,F03,MIA-HA-71_3,,YPD + 1 mM tryptamine + 0.2 mM geraniol,Specimen,30.0,144.0,,Soeren Petersen,3.0,MIA-HA-71,CroG8H CroCPR,Extracellular Region
255,F04,MIA-HA-72_1,,YPD + 1 mM tryptamine + 0.2 mM geraniol,Specimen,30.0,144.0,,Soeren Petersen,1.0,MIA-HA-72,CroG8H AanCPR,Extracellular Region
256,F05,MIA-HA-72_2,,YPD + 1 mM tryptamine + 0.2 mM geraniol,Specimen,30.0,144.0,,Soeren Petersen,2.0,MIA-HA-72,CroG8H AanCPR,Extracellular Region
257,F06,MIA-HA-72_3,,YPD + 1 mM tryptamine + 0.2 mM geraniol,Specimen,30.0,144.0,,Soeren Petersen,3.0,MIA-HA-72,CroG8H AanCPR,Extracellular Region
258,F07,MIA-HA-73_1,,YPD + 1 mM tryptamine + 0.2 mM geraniol,Specimen,30.0,144.0,,Soeren Petersen,1.0,MIA-HA-73,CroG8H AraCPR,Extracellular Region
259,F08,MIA-HA-73_2,,YPD + 1 mM tryptamine + 0.2 mM geraniol,Specimen,30.0,144.0,,Soeren Petersen,2.0,MIA-HA-73,CroG8H AraCPR,Extracellular Region
260,F09,MIA-HA-73_3,,YPD + 1 mM tryptamine + 0.2 mM geraniol,Specimen,30.0,144.0,,Soeren Petersen,3.0,MIA-HA-73,CroG8H AraCPR,Extracellular Region
261,F10,MIA-HA-74_1,,YPD + 1 mM tryptamine + 0.2 mM geraniol,Specimen,30.0,144.0,,Soeren Petersen,1.0,MIA-HA-74,CroG8H CloCPR,Extracellular Region
262,F11,MIA-HA-74_2,,YPD + 1 mM tryptamine + 0.2 mM geraniol,Specimen,30.0,144.0,,Soeren Petersen,2.0,MIA-HA-74,CroG8H CloCPR,Extracellular Region
263,F12,MIA-HA-74_3,,YPD + 1 mM tryptamine + 0.2 mM geraniol,Specimen,30.0,144.0,,Soeren Petersen,3.0,MIA-HA-74,CroG8H CloCPR,Extracellular Region
264,G01,MIA-HA-75_1,,YPD + 1 mM tryptamine + 0.2 mM geraniol,Specimen,30.0,144.0,,Soeren Petersen,1.0,MIA-HA-75,CroG8H RseCPR,Extracellular Region
265,G02,MIA-HA-75_2,,YPD + 1 mM tryptamine + 0.2 mM geraniol,Specimen,30.0,144.0,,Soeren Petersen,2.0,MIA-HA-75,CroG8H RseCPR,Extracellular Region
266,G03,MIA-HA-75_3,,YPD + 1 mM tryptamine + 0.2 mM geraniol,Specimen,30.0,144.0,,Soeren Petersen,3.0,MIA-HA-75,CroG8H RseCPR,Extracellular Region
267,G04,MIA-HA-76_1,,YPD + 1 mM tryptamine + 0.2 mM geraniol,Specimen,30.0,144.0,,Soeren Petersen,1.0,MIA-HA-76,CroG8H AhuCPR,Extracellular Region
268,G05,MIA-HA-76_2,,YPD + 1 mM tryptamine + 0.2 mM geraniol,Specimen,30.0,144.0,,Soeren Petersen,2.0,MIA-HA-76,CroG8H AhuCPR,Extracellular Region
269,G06,MIA-HA-76_3,,YPD + 1 mM tryptamine + 0.2 mM geraniol,Specimen,30.0,144.0,,Soeren Petersen,3.0,MIA-HA-76,CroG8H AhuCPR,Extracellular Region
270,G07,MIA-HA-77_1,,YPD + 1 mM tryptamine + 0.2 mM geraniol,Specimen,30.0,144.0,,Soeren Petersen,1.0,MIA-HA-77,CroG8H AniCPR,Extracellular Region
271,G08,MIA-HA-77_2,,YPD + 1 mM tryptamine + 0.2 mM geraniol,Specimen,30.0,144.0,,Soeren Petersen,2.0,MIA-HA-77,CroG8H AniCPR,Extracellular Region
272,G09,MIA-HA-77_3,,YPD + 1 mM tryptamine + 0.2 mM geraniol,Specimen,30.0,144.0,,Soeren Petersen,3.0,MIA-HA-77,CroG8H AniCPR,Extracellular Region
273,G10,MIA-HA-78_1,,YPD + 1 mM tryptamine + 0.2 mM geraniol,Specimen,30.0,144.0,,Soeren Petersen,1.0,MIA-HA-78,CroG8H CacCPR,Extracellular Region
274,G11,MIA-HA-78_2,,YPD + 1 mM tryptamine + 0.2 mM geraniol,Specimen,30.0,144.0,,Soeren Petersen,2.0,MIA-HA-78,CroG8H CacCPR,Extracellular Region
275,G12,MIA-HA-78_3,,YPD + 1 mM tryptamine + 0.2 mM geraniol,Specimen,30.0,144.0,,Soeren Petersen,3.0,MIA-HA-78,CroG8H CacCPR,Extracellular Region
276,H01,MIA-HA-79_1,,YPD + 1 mM tryptamine + 0.2 mM geraniol,Specimen,30.0,144.0,,Soeren Petersen,1.0,MIA-HA-79,CroG8H OeuCPR,Extracellular Region
277,H02,MIA-HA-79_2,,YPD + 1 mM tryptamine + 0.2 mM geraniol,Specimen,30.0,144.0,,Soeren Petersen,2.0,MIA-HA-79,CroG8H OeuCPR,Extracellular Region
278,H03,MIA-HA-79_3,,YPD + 1 mM tryptamine + 0.2 mM geraniol,Specimen,30.0,144.0,,Soeren Petersen,3.0,MIA-HA-79,CroG8H OeuCPR,Extracellular Region
279,H04,MIA-HA-80_1,,YPD + 1 mM tryptamine + 0.2 mM geraniol,Specimen,30.0,144.0,,Soeren Petersen,1.0,MIA-HA-80,CroG8H CpoCPR,Extracellular Region
280,H05,MIA-HA-80_2,,YPD + 1 mM tryptamine + 0.2 mM geraniol,Specimen,30.0,144.0,,Soeren Petersen,2.0,MIA-HA-80,CroG8H CpoCPR,Extracellular Region
281,H06,MIA-HA-80_3,,YPD + 1 mM tryptamine + 0.2 mM geraniol,Specimen,30.0,144.0,,Soeren Petersen,3.0,MIA-HA-80,CroG8H CpoCPR,Extracellular Region
282,H07,MIA-CH-A2_1,,YPD + 1 mM tryptamine + 0.2 mM geraniol,Specimen,30.0,144.0,,Soeren Petersen,1.0,MIA-CH-A2,CroG8H CroCPR,Extracellular Region
283,H08,MIA-CH-A2_2,,YPD + 1 mM tryptamine + 0.2 mM geraniol,Specimen,30.0,144.0,,Soeren Petersen,2.0,MIA-CH-A2,CroG8H CroCPR,Extracellular Region
284,H09,MIA-CH-A2_3,,YPD + 1 mM tryptamine + 0.2 mM geraniol,Specimen,30.0,144.0,,Soeren Petersen,3.0,MIA-CH-A2,CroG8H CroCPR,Extracellular Region
285,H10,MIA-CH-A2_4,,YPD + 1 mM tryptamine + 0.2 mM geraniol,Specimen,30.0,144.0,,Soeren Petersen,4.0,MIA-CH-A2,CroG8H CroCPR,Extracellular Region
286,H11,MIA-CM-3_1,,YPD + 1 mM tryptamine + 0.2 mM geraniol,Specimen,30.0,144.0,,Soeren Petersen,1.0,MIA-CM-3,CroG8H CroCPR,Extracellular Region
287,H12,_1,,YPD + 1 mM tryptamine + 0.2 mM geraniol,Blank,30.0,144.0,,Soeren Petersen,1.0,,,Extracellular Region
288,A01,20210601MIA-HA-211,,YPD + 1 mM tryptamine + 0.2 mM geraniol,Specimen,30.0,144.0,,Soeren Petersen,1.0,MIA-HA-21,VminG8H CroCPR,Extracellular Region
289,A02,20210601MIA-HA-212,,YPD + 1 mM tryptamine + 0.2 mM geraniol,Specimen,30.0,144.0,,Soeren Petersen,2.0,MIA-HA-21,VminG8H CroCPR,Extracellular Region
290,A03,20210601MIA-HA-213,,YPD + 1 mM tryptamine + 0.2 mM geraniol,Specimen,30.0,144.0,,Soeren Petersen,3.0,MIA-HA-21,VminG8H CroCPR,Extracellular Region
291,A04,20210601MIA-HA-221,,YPD + 1 mM tryptamine + 0.2 mM geraniol,Specimen,30.0,144.0,,Soeren Petersen,1.0,MIA-HA-22,VminG8H AanCPR,Extracellular Region
292,A05,20210601MIA-HA-222,,YPD + 1 mM tryptamine + 0.2 mM geraniol,Specimen,30.0,144.0,,Soeren Petersen,2.0,MIA-HA-22,VminG8H AanCPR,Extracellular Region
293,A06,20210601MIA-HA-223,,YPD + 1 mM tryptamine + 0.2 mM geraniol,Specimen,30.0,144.0,,Soeren Petersen,3.0,MIA-HA-22,VminG8H AanCPR,Extracellular Region
294,A07,20210601MIA-HA-231,,YPD + 1 mM tryptamine + 0.2 mM geraniol,Specimen,30.0,144.0,,Soeren Petersen,1.0,MIA-HA-23,VminG8H AraCPR,Extracellular Region
295,A08,20210601MIA-HA-232,,YPD + 1 mM tryptamine + 0.2 mM geraniol,Specimen,30.0,144.0,,Soeren Petersen,2.0,MIA-HA-23,VminG8H AraCPR,Extracellular Region
296,A09,20210601MIA-HA-233,,YPD + 1 mM tryptamine + 0.2 mM geraniol,Specimen,30.0,144.0,,Soeren Petersen,3.0,MIA-HA-23,VminG8H AraCPR,Extracellular Region
297,A10,20210601MIA-HA-241,,YPD + 1 mM tryptamine + 0.2 mM geraniol,Specimen,30.0,144.0,,Soeren Petersen,1.0,MIA-HA-24,VminG8H CloCPR,Extracellular Region
298,A11,20210601MIA-HA-242,,YPD + 1 mM tryptamine + 0.2 mM geraniol,Specimen,30.0,144.0,,Soeren Petersen,2.0,MIA-HA-24,VminG8H CloCPR,Extracellular Region
299,A12,20210601MIA-HA-243,,YPD + 1 mM tryptamine + 0.2 mM geraniol,Specimen,30.0,144.0,,Soeren Petersen,3.0,MIA-HA-24,VminG8H CloCPR,Extracellular Region
300,B01,20210601MIA-HA-251,,YPD + 1 mM tryptamine + 0.2 mM geraniol,Specimen,30.0,144.0,,Soeren Petersen,1.0,MIA-HA-25,VminG8H RseCPR,Extracellular Region
301,B02,20210601MIA-HA-252,,YPD + 1 mM tryptamine + 0.2 mM geraniol,Specimen,30.0,144.0,,Soeren Petersen,2.0,MIA-HA-25,VminG8H RseCPR,Extracellular Region
302,B03,20210601MIA-HA-253,,YPD + 1 mM tryptamine + 0.2 mM geraniol,Specimen,30.0,144.0,,Soeren Petersen,3.0,MIA-HA-25,VminG8H RseCPR,Extracellular Region
303,B04,20210601MIA-HA-261,,YPD + 1 mM tryptamine + 0.2 mM geraniol,Specimen,30.0,144.0,,Soeren Petersen,1.0,MIA-HA-26,VminG8H AhuCPR,Extracellular Region
304,B05,20210601MIA-HA-262,,YPD + 1 mM tryptamine + 0.2 mM geraniol,Specimen,30.0,144.0,,Soeren Petersen,2.0,MIA-HA-26,VminG8H AhuCPR,Extracellular Region
305,B06,20210601MIA-HA-263,,YPD + 1 mM tryptamine + 0.2 mM geraniol,Specimen,30.0,144.0,,Soeren Petersen,3.0,MIA-HA-26,VminG8H AhuCPR,Extracellular Region
306,B07,20210601MIA-HA-271,,YPD + 1 mM tryptamine + 0.2 mM geraniol,Specimen,30.0,144.0,,Soeren Petersen,1.0,MIA-HA-27,VminG8H AniCPR,Extracellular Region
307,B08,20210601MIA-HA-272,,YPD + 1 mM tryptamine + 0.2 mM geraniol,Specimen,30.0,144.0,,Soeren Petersen,2.0,MIA-HA-27,VminG8H AniCPR,Extracellular Region
308,B09,20210601MIA-HA-273,,YPD + 1 mM tryptamine + 0.2 mM geraniol,Specimen,30.0,144.0,,Soeren Petersen,3.0,MIA-HA-27,VminG8H AniCPR,Extracellular Region
309,B10,20210601MIA-HA-281,,YPD + 1 mM tryptamine + 0.2 mM geraniol,Specimen,30.0,144.0,,Soeren Petersen,1.0,MIA-HA-28,VminG8H CacCPR,Extracellular Region
310,B11,20210601MIA-HA-282,,YPD + 1 mM tryptamine + 0.2 mM geraniol,Specimen,30.0,144.0,,Soeren Petersen,2.0,MIA-HA-28,VminG8H CacCPR,Extracellular Region
311,B12,20210601MIA-HA-283,,YPD + 1 mM tryptamine + 0.2 mM geraniol,Specimen,30.0,144.0,,Soeren Petersen,3.0,MIA-HA-28,VminG8H CacCPR,Extracellular Region
312,C01,20210601MIA-HA-291,,YPD + 1 mM tryptamine + 0.2 mM geraniol,Specimen,30.0,144.0,,Soeren Petersen,1.0,MIA-HA-29,VminG8H OeuCPR,Extracellular Region
313,C02,20210601MIA-HA-292,,YPD + 1 mM tryptamine + 0.2 mM geraniol,Specimen,30.0,144.0,,Soeren Petersen,2.0,MIA-HA-29,VminG8H OeuCPR,Extracellular Region
314,C03,20210601MIA-HA-293,,YPD + 1 mM tryptamine + 0.2 mM geraniol,Specimen,30.0,144.0,,Soeren Petersen,3.0,MIA-HA-29,VminG8H OeuCPR,Extracellular Region
315,C04,20210601MIA-HA-301,,YPD + 1 mM tryptamine + 0.2 mM geraniol,Specimen,30.0,144.0,,Soeren Petersen,1.0,MIA-HA-30,VminG8H CpoCPR,Extracellular Region
316,C05,20210601MIA-HA-302,,YPD + 1 mM tryptamine + 0.2 mM geraniol,Specimen,30.0,144.0,,Soeren Petersen,2.0,MIA-HA-30,VminG8H CpoCPR,Extracellular Region
317,C06,20210601MIA-HA-303,,YPD + 1 mM tryptamine + 0.2 mM geraniol,Specimen,30.0,144.0,,Soeren Petersen,3.0,MIA-HA-30,VminG8H CpoCPR,Extracellular Region
318,C07,20210601MIA-HA-311,,YPD + 1 mM tryptamine + 0.2 mM geraniol,Specimen,30.0,144.0,,Soeren Petersen,1.0,MIA-HA-31,SmusG8H CroCPR,Extracellular Region
319,C08,20210601MIA-HA-312,,YPD + 1 mM tryptamine + 0.2 mM geraniol,Specimen,30.0,144.0,,Soeren Petersen,2.0,MIA-HA-31,SmusG8H CroCPR,Extracellular Region
320,C09,20210601MIA-HA-313,,YPD + 1 mM tryptamine + 0.2 mM geraniol,Specimen,30.0,144.0,,Soeren Petersen,3.0,MIA-HA-31,SmusG8H CroCPR,Extracellular Region
321,C10,20210601MIA-HA-321,,YPD + 1 mM tryptamine + 0.2 mM geraniol,Specimen,30.0,144.0,,Soeren Petersen,1.0,MIA-HA-32,SmusG8H AanCPR,Extracellular Region
322,C11,20210601MIA-HA-322,,YPD + 1 mM tryptamine + 0.2 mM geraniol,Specimen,30.0,144.0,,Soeren Petersen,2.0,MIA-HA-32,SmusG8H AanCPR,Extracellular Region
323,C12,20210601MIA-HA-323,,YPD + 1 mM tryptamine + 0.2 mM geraniol,Specimen,30.0,144.0,,Soeren Petersen,3.0,MIA-HA-32,SmusG8H AanCPR,Extracellular Region
324,D01,20210601MIA-HA-331,,YPD + 1 mM tryptamine + 0.2 mM geraniol,Specimen,30.0,144.0,,Soeren Petersen,1.0,MIA-HA-33,SmusG8H AraCPR,Extracellular Region
325,D02,20210601MIA-HA-332,,YPD + 1 mM tryptamine + 0.2 mM geraniol,Specimen,30.0,144.0,,Soeren Petersen,2.0,MIA-HA-33,SmusG8H AraCPR,Extracellular Region
326,D03,20210601MIA-HA-333,,YPD + 1 mM tryptamine + 0.2 mM geraniol,Specimen,30.0,144.0,,Soeren Petersen,3.0,MIA-HA-33,SmusG8H AraCPR,Extracellular Region
327,D04,20210601MIA-HA-341,,YPD + 1 mM tryptamine + 0.2 mM geraniol,Specimen,30.0,144.0,,Soeren Petersen,1.0,MIA-HA-34,SmusG8H CloCPR,Extracellular Region
328,D05,20210601MIA-HA-342,,YPD + 1 mM tryptamine + 0.2 mM geraniol,Specimen,30.0,144.0,,Soeren Petersen,2.0,MIA-HA-34,SmusG8H CloCPR,Extracellular Region
329,D06,20210601MIA-HA-343,,YPD + 1 mM tryptamine + 0.2 mM geraniol,Specimen,30.0,144.0,,Soeren Petersen,3.0,MIA-HA-34,SmusG8H CloCPR,Extracellular Region
330,D07,20210601MIA-HA-351,,YPD + 1 mM tryptamine + 0.2 mM geraniol,Specimen,30.0,144.0,,Soeren Petersen,1.0,MIA-HA-35,SmusG8H RseCPR,Extracellular Region
331,D08,20210601MIA-HA-352,,YPD + 1 mM tryptamine + 0.2 mM geraniol,Specimen,30.0,144.0,,Soeren Petersen,2.0,MIA-HA-35,SmusG8H RseCPR,Extracellular Region
332,D09,20210601MIA-HA-353,,YPD + 1 mM tryptamine + 0.2 mM geraniol,Specimen,30.0,144.0,,Soeren Petersen,3.0,MIA-HA-35,SmusG8H RseCPR,Extracellular Region
333,D10,20210601MIA-HA-361,,YPD + 1 mM tryptamine + 0.2 mM geraniol,Specimen,30.0,144.0,,Soeren Petersen,1.0,MIA-HA-36,SmusG8H AhuCPR,Extracellular Region
334,D11,20210601MIA-HA-362,,YPD + 1 mM tryptamine + 0.2 mM geraniol,Specimen,30.0,144.0,,Soeren Petersen,2.0,MIA-HA-36,SmusG8H AhuCPR,Extracellular Region
335,D12,20210601MIA-HA-363,,YPD + 1 mM tryptamine + 0.2 mM geraniol,Specimen,30.0,144.0,,Soeren Petersen,3.0,MIA-HA-36,SmusG8H AhuCPR,Extracellular Region
336,E01,20210601MIA-HA-371,,YPD + 1 mM tryptamine + 0.2 mM geraniol,Specimen,30.0,144.0,,Soeren Petersen,1.0,MIA-HA-37,SmusG8H AniCPR,Extracellular Region
337,E02,20210601MIA-HA-372,,YPD + 1 mM tryptamine + 0.2 mM geraniol,Specimen,30.0,144.0,,Soeren Petersen,2.0,MIA-HA-37,SmusG8H AniCPR,Extracellular Region
338,E03,20210601MIA-HA-373,,YPD + 1 mM tryptamine + 0.2 mM geraniol,Specimen,30.0,144.0,,Soeren Petersen,3.0,MIA-HA-37,SmusG8H AniCPR,Extracellular Region
339,E04,20210601MIA-HA-381,,YPD + 1 mM tryptamine + 0.2 mM geraniol,Specimen,30.0,144.0,,Soeren Petersen,1.0,MIA-HA-38,SmusG8H CacCPR,Extracellular Region
340,E05,20210601MIA-HA-382,,YPD + 1 mM tryptamine + 0.2 mM geraniol,Specimen,30.0,144.0,,Soeren Petersen,2.0,MIA-HA-38,SmusG8H CacCPR,Extracellular Region
341,E06,20210601MIA-HA-383,,YPD + 1 mM tryptamine + 0.2 mM geraniol,Specimen,30.0,144.0,,Soeren Petersen,3.0,MIA-HA-38,SmusG8H CacCPR,Extracellular Region
342,E07,20210601MIA-HA-391,,YPD + 1 mM tryptamine + 0.2 mM geraniol,Specimen,30.0,144.0,,Soeren Petersen,1.0,MIA-HA-39,SmusG8H OeuCPR,Extracellular Region
343,E08,20210601MIA-HA-392,,YPD + 1 mM tryptamine + 0.2 mM geraniol,Specimen,30.0,144.0,,Soeren Petersen,2.0,MIA-HA-39,SmusG8H OeuCPR,Extracellular Region
344,E09,20210601MIA-HA-393,,YPD + 1 mM tryptamine + 0.2 mM geraniol,Specimen,30.0,144.0,,Soeren Petersen,3.0,MIA-HA-39,SmusG8H OeuCPR,Extracellular Region
345,E10,20210601MIA-HA-401,,YPD + 1 mM tryptamine + 0.2 mM geraniol,Specimen,30.0,144.0,,Soeren Petersen,1.0,MIA-HA-40,SmusG8H CpoCPR,Extracellular Region
346,E11,20210601MIA-HA-402,,YPD + 1 mM tryptamine + 0.2 mM geraniol,Specimen,30.0,144.0,,Soeren Petersen,2.0,MIA-HA-40,SmusG8H CpoCPR,Extracellular Region
347,E12,20210601MIA-HA-403,,YPD + 1 mM tryptamine + 0.2 mM geraniol,Specimen,30.0,144.0,,Soeren Petersen,3.0,MIA-HA-40,SmusG8H CpoCPR,Extracellular Region
348,F01,20210601MIA-HA-411,,YPD + 1 mM tryptamine + 0.2 mM geraniol,Specimen,30.0,144.0,,Soeren Petersen,1.0,MIA-HA-41,RsepG8H CroCPR,Extracellular Region
349,F02,20210601MIA-HA-412,,YPD + 1 mM tryptamine + 0.2 mM geraniol,Specimen,30.0,144.0,,Soeren Petersen,2.0,MIA-HA-41,RsepG8H CroCPR,Extracellular Region
350,F03,20210601MIA-HA-413,,YPD + 1 mM tryptamine + 0.2 mM geraniol,Specimen,30.0,144.0,,Soeren Petersen,3.0,MIA-HA-41,RsepG8H CroCPR,Extracellular Region
351,F04,20210601MIA-HA-421,,YPD + 1 mM tryptamine + 0.2 mM geraniol,Specimen,30.0,144.0,,Soeren Petersen,1.0,MIA-HA-42,RsepG8H AanCPR,Extracellular Region
352,F05,20210601MIA-HA-422,,YPD + 1 mM tryptamine + 0.2 mM geraniol,Specimen,30.0,144.0,,Soeren Petersen,2.0,MIA-HA-42,RsepG8H AanCPR,Extracellular Region
353,F06,20210601MIA-HA-423,,YPD + 1 mM tryptamine + 0.2 mM geraniol,Specimen,30.0,144.0,,Soeren Petersen,3.0,MIA-HA-42,RsepG8H AanCPR,Extracellular Region
354,F07,20210601MIA-HA-431,,YPD + 1 mM tryptamine + 0.2 mM geraniol,Specimen,30.0,144.0,,Soeren Petersen,1.0,MIA-HA-43,RsepG8H AraCPR,Extracellular Region
355,F08,20210601MIA-HA-432,,YPD + 1 mM tryptamine + 0.2 mM geraniol,Specimen,30.0,144.0,,Soeren Petersen,2.0,MIA-HA-43,RsepG8H AraCPR,Extracellular Region
356,F09,20210601MIA-HA-433,,YPD + 1 mM tryptamine + 0.2 mM geraniol,Specimen,30.0,144.0,,Soeren Petersen,3.0,MIA-HA-43,RsepG8H AraCPR,Extracellular Region
357,F10,20210601MIA-HA-441,,YPD + 1 mM tryptamine + 0.2 mM geraniol,Specimen,30.0,144.0,,Soeren Petersen,1.0,MIA-HA-44,RsepG8H CloCPR,Extracellular Region
358,F11,20210601MIA-HA-442,,YPD + 1 mM tryptamine + 0.2 mM geraniol,Specimen,30.0,144.0,,Soeren Petersen,2.0,MIA-HA-44,RsepG8H CloCPR,Extracellular Region
359,F12,20210601MIA-HA-443,,YPD + 1 mM tryptamine + 0.2 mM geraniol,Specimen,30.0,144.0,,Soeren Petersen,3.0,MIA-HA-44,RsepG8H CloCPR,Extracellular Region
360,G01,20210601MIA-HA-451,,YPD + 1 mM tryptamine + 0.2 mM geraniol,Specimen,30.0,144.0,,Soeren Petersen,1.0,MIA-HA-45,RsepG8H RseCPR,Extracellular Region
361,G02,20210601MIA-HA-452,,YPD + 1 mM tryptamine + 0.2 mM geraniol,Specimen,30.0,144.0,,Soeren Petersen,2.0,MIA-HA-45,RsepG8H RseCPR,Extracellular Region
362,G03,20210601MIA-HA-453,,YPD + 1 mM tryptamine + 0.2 mM geraniol,Specimen,30.0,144.0,,Soeren Petersen,3.0,MIA-HA-45,RsepG8H RseCPR,Extracellular Region
363,G04,20210601MIA-HA-461,,YPD + 1 mM tryptamine + 0.2 mM geraniol,Specimen,30.0,144.0,,Soeren Petersen,1.0,MIA-HA-46,RsepG8H AhuCPR,Extracellular Region
364,G05,20210601MIA-HA-462,,YPD + 1 mM tryptamine + 0.2 mM geraniol,Specimen,30.0,144.0,,Soeren Petersen,2.0,MIA-HA-46,RsepG8H AhuCPR,Extracellular Region
365,G06,20210601MIA-HA-463,,YPD + 1 mM tryptamine + 0.2 mM geraniol,Specimen,30.0,144.0,,Soeren Petersen,3.0,MIA-HA-46,RsepG8H AhuCPR,Extracellular Region
366,G07,20210601MIA-HA-471,,YPD + 1 mM tryptamine + 0.2 mM geraniol,Specimen,30.0,144.0,,Soeren Petersen,1.0,MIA-HA-47,RsepG8H AniCPR,Extracellular Region
367,G08,20210601MIA-HA-472,,YPD + 1 mM tryptamine + 0.2 mM geraniol,Specimen,30.0,144.0,,Soeren Petersen,2.0,MIA-HA-47,RsepG8H AniCPR,Extracellular Region
368,G09,20210601MIA-HA-473,,YPD + 1 mM tryptamine + 0.2 mM geraniol,Specimen,30.0,144.0,,Soeren Petersen,3.0,MIA-HA-47,RsepG8H AniCPR,Extracellular Region
369,G10,20210601MIA-HA-481,,YPD + 1 mM tryptamine + 0.2 mM geraniol,Specimen,30.0,144.0,,Soeren Petersen,1.0,MIA-HA-48,RsepG8H CacCPR,Extracellular Region
370,G11,20210601MIA-HA-482,,YPD + 1 mM tryptamine + 0.2 mM geraniol,Specimen,30.0,144.0,,Soeren Petersen,2.0,MIA-HA-48,RsepG8H CacCPR,Extracellular Region
371,G12,20210601MIA-HA-483,,YPD + 1 mM tryptamine + 0.2 mM geraniol,Specimen,30.0,144.0,,Soeren Petersen,3.0,MIA-HA-48,RsepG8H CacCPR,Extracellular Region
372,H01,20210601MIA-HA-491,,YPD + 1 mM tryptamine + 0.2 mM geraniol,Specimen,30.0,144.0,,Soeren Petersen,1.0,MIA-HA-49,RsepG8H OeuCPR,Extracellular Region
373,H02,20210601MIA-HA-492,,YPD + 1 mM tryptamine + 0.2 mM geraniol,Specimen,30.0,144.0,,Soeren Petersen,2.0,MIA-HA-49,RsepG8H OeuCPR,Extracellular Region
374,H03,20210601MIA-HA-493,,YPD + 1 mM tryptamine + 0.2 mM geraniol,Specimen,30.0,144.0,,Soeren Petersen,3.0,MIA-HA-49,RsepG8H OeuCPR,Extracellular Region
375,H04,20210601MIA-HA-501,,YPD + 1 mM tryptamine + 0.2 mM geraniol,Specimen,30.0,144.0,,Soeren Petersen,1.0,MIA-HA-50,RsepG8H CpoCPR,Extracellular Region
376,H05,20210601MIA-HA-502,,YPD + 1 mM tryptamine + 0.2 mM geraniol,Specimen,30.0,144.0,,Soeren Petersen,2.0,MIA-HA-50,RsepG8H CpoCPR,Extracellular Region
377,H06,20210601MIA-HA-503,,YPD + 1 mM tryptamine + 0.2 mM geraniol,Specimen,30.0,144.0,,Soeren Petersen,3.0,MIA-HA-50,RsepG8H CpoCPR,Extracellular Region
378,H07,20210601MIA-CH-A21,,YPD + 1 mM tryptamine + 0.2 mM geraniol,Specimen,30.0,144.0,,Soeren Petersen,1.0,MIA-CH-A2,CroG8H CroCPR,Extracellular Region
379,H08,20210601MIA-CH-A22,,YPD + 1 mM tryptamine + 0.2 mM geraniol,Specimen,30.0,144.0,,Soeren Petersen,2.0,MIA-CH-A2,CroG8H CroCPR,Extracellular Region
380,H09,20210601MIA-CH-A23,,YPD + 1 mM tryptamine + 0.2 mM geraniol,Specimen,30.0,144.0,,Soeren Petersen,3.0,MIA-CH-A2,CroG8H CroCPR,Extracellular Region
381,H10,20210601MIA-CH-A24,,YPD + 1 mM tryptamine + 0.2 mM geraniol,Specimen,30.0,144.0,,Soeren Petersen,4.0,MIA-CH-A2,CroG8H CroCPR,Extracellular Region
382,H11,20210601MIA-CM-31,,YPD + 1 mM tryptamine + 0.2 mM geraniol,Specimen,30.0,144.0,,Soeren Petersen,1.0,MIA-CM-3,CroG8H CroCPR,Extracellular Region
383,H12,202106011,,YPD + 1 mM tryptamine + 0.2 mM geraniol,Blank,30.0,144.0,,Soeren Petersen,1.0,,,Extracellular Region
384,A01,MIA-HA-81_1_2021-06-01,,YPD + 1 mM tryptamine + 0.2 mM geraniol,Specimen,30.0,144.0,,Soeren Petersen,1.0,MIA-HA-81,OeuG8H CroCPR,Extracellular Region
385,A02,MIA-HA-81_2_2021-06-01,,YPD + 1 mM tryptamine + 0.2 mM geraniol,Specimen,30.0,144.0,,Soeren Petersen,2.0,MIA-HA-81,OeuG8H CroCPR,Extracellular Region
386,A03,MIA-HA-81_3_2021-06-01,,YPD + 1 mM tryptamine + 0.2 mM geraniol,Specimen,30.0,144.0,,Soeren Petersen,3.0,MIA-HA-81,OeuG8H CroCPR,Extracellular Region
387,A04,MIA-HA-82_1_2021-06-01,,YPD + 1 mM tryptamine + 0.2 mM geraniol,Specimen,30.0,144.0,,Soeren Petersen,1.0,MIA-HA-82,OeuG8H AanCPR,Extracellular Region
388,A05,MIA-HA-82_2_2021-06-01,,YPD + 1 mM tryptamine + 0.2 mM geraniol,Specimen,30.0,144.0,,Soeren Petersen,2.0,MIA-HA-82,OeuG8H AanCPR,Extracellular Region
389,A06,MIA-HA-82_3_2021-06-01,,YPD + 1 mM tryptamine + 0.2 mM geraniol,Specimen,30.0,144.0,,Soeren Petersen,3.0,MIA-HA-82,OeuG8H AanCPR,Extracellular Region
390,A07,MIA-HA-83_1_2021-06-01,,YPD + 1 mM tryptamine + 0.2 mM geraniol,Specimen,30.0,144.0,,Soeren Petersen,1.0,MIA-HA-83,OeuG8H AraCPR,Extracellular Region
391,A08,MIA-HA-83_2_2021-06-01,,YPD + 1 mM tryptamine + 0.2 mM geraniol,Specimen,30.0,144.0,,Soeren Petersen,2.0,MIA-HA-83,OeuG8H AraCPR,Extracellular Region
392,A09,MIA-HA-83_3_2021-06-01,,YPD + 1 mM tryptamine + 0.2 mM geraniol,Specimen,30.0,144.0,,Soeren Petersen,3.0,MIA-HA-83,OeuG8H AraCPR,Extracellular Region
393,A10,MIA-HA-84_1_2021-06-01,,YPD + 1 mM tryptamine + 0.2 mM geraniol,Specimen,30.0,144.0,,Soeren Petersen,1.0,MIA-HA-84,OeuG8H CloCPR,Extracellular Region
394,A11,MIA-HA-84_2_2021-06-01,,YPD + 1 mM tryptamine + 0.2 mM geraniol,Specimen,30.0,144.0,,Soeren Petersen,2.0,MIA-HA-84,OeuG8H CloCPR,Extracellular Region
395,A12,MIA-HA-84_3_2021-06-01,,YPD + 1 mM tryptamine + 0.2 mM geraniol,Specimen,30.0,144.0,,Soeren Petersen,3.0,MIA-HA-84,OeuG8H CloCPR,Extracellular Region
396,B01,MIA-HA-85_1_2021-06-01,,YPD + 1 mM tryptamine + 0.2 mM geraniol,Specimen,30.0,144.0,,Soeren Petersen,1.0,MIA-HA-85,OeuG8H RseCPR,Extracellular Region
397,B02,MIA-HA-85_2_2021-06-01,,YPD + 1 mM tryptamine + 0.2 mM geraniol,Specimen,30.0,144.0,,Soeren Petersen,2.0,MIA-HA-85,OeuG8H RseCPR,Extracellular Region
398,B03,MIA-HA-85_3_2021-06-01,,YPD + 1 mM tryptamine + 0.2 mM geraniol,Specimen,30.0,144.0,,Soeren Petersen,3.0,MIA-HA-85,OeuG8H RseCPR,Extracellular Region
399,B04,MIA-HA-86_1_2021-06-01,,YPD + 1 mM tryptamine + 0.2 mM geraniol,Specimen,30.0,144.0,,Soeren Petersen,1.0,MIA-HA-86,OeuG8H AhuCPR,Extracellular Region
400,B05,MIA-HA-86_2_2021-06-01,,YPD + 1 mM tryptamine + 0.2 mM geraniol,Specimen,30.0,144.0,,Soeren Petersen,2.0,MIA-HA-86,OeuG8H AhuCPR,Extracellular Region
401,B06,MIA-HA-86_3_2021-06-01,,YPD + 1 mM tryptamine + 0.2 mM geraniol,Specimen,30.0,144.0,,Soeren Petersen,3.0,MIA-HA-86,OeuG8H AhuCPR,Extracellular Region
402,B07,MIA-HA-87_1_2021-06-01,,YPD + 1 mM tryptamine + 0.2 mM geraniol,Specimen,30.0,144.0,,Soeren Petersen,1.0,MIA-HA-87,OeuG8H AniCPR,Extracellular Region
403,B08,MIA-HA-87_2_2021-06-01,,YPD + 1 mM tryptamine + 0.2 mM geraniol,Specimen,30.0,144.0,,Soeren Petersen,2.0,MIA-HA-87,OeuG8H AniCPR,Extracellular Region
404,B09,MIA-HA-87_3_2021-06-01,,YPD + 1 mM tryptamine + 0.2 mM geraniol,Specimen,30.0,144.0,,Soeren Petersen,3.0,MIA-HA-87,OeuG8H AniCPR,Extracellular Region
405,B10,MIA-HA-88_1_2021-06-01,,YPD + 1 mM tryptamine + 0.2 mM geraniol,Specimen,30.0,144.0,,Soeren Petersen,1.0,MIA-HA-88,OeuG8H CacCPR,Extracellular Region
406,B11,MIA-HA-88_2_2021-06-01,,YPD + 1 mM tryptamine + 0.2 mM geraniol,Specimen,30.0,144.0,,Soeren Petersen,2.0,MIA-HA-88,OeuG8H CacCPR,Extracellular Region
407,B12,MIA-HA-88_3_2021-06-01,,YPD + 1 mM tryptamine + 0.2 mM geraniol,Specimen,30.0,144.0,,Soeren Petersen,3.0,MIA-HA-88,OeuG8H CacCPR,Extracellular Region
408,C01,MIA-HA-89_1_2021-06-01,,YPD + 1 mM tryptamine + 0.2 mM geraniol,Specimen,30.0,144.0,,Soeren Petersen,1.0,MIA-HA-89,OeuG8H OeuCPR,Extracellular Region
409,C02,MIA-HA-89_2_2021-06-01,,YPD + 1 mM tryptamine + 0.2 mM geraniol,Specimen,30.0,144.0,,Soeren Petersen,2.0,MIA-HA-89,OeuG8H OeuCPR,Extracellular Region
410,C03,MIA-HA-89_3_2021-06-01,,YPD + 1 mM tryptamine + 0.2 mM geraniol,Specimen,30.0,144.0,,Soeren Petersen,3.0,MIA-HA-89,OeuG8H OeuCPR,Extracellular Region
411,C04,MIA-HA-90_1_2021-06-01,,YPD + 1 mM tryptamine + 0.2 mM geraniol,Specimen,30.0,144.0,,Soeren Petersen,1.0,MIA-HA-90,OeuG8H CpoCPR,Extracellular Region
412,C05,MIA-HA-90_2_2021-06-01,,YPD + 1 mM tryptamine + 0.2 mM geraniol,Specimen,30.0,144.0,,Soeren Petersen,2.0,MIA-HA-90,OeuG8H CpoCPR,Extracellular Region
413,C06,MIA-HA-90_3_2021-06-01,,YPD + 1 mM tryptamine + 0.2 mM geraniol,Specimen,30.0,144.0,,Soeren Petersen,3.0,MIA-HA-90,OeuG8H CpoCPR,Extracellular Region
414,C07,MIA-HA-91_1_2021-06-01,,YPD + 1 mM tryptamine + 0.2 mM geraniol,Specimen,30.0,144.0,,Soeren Petersen,1.0,MIA-HA-91,CcalG8H CroCPR,Extracellular Region
415,C08,MIA-HA-91_2_2021-06-01,,YPD + 1 mM tryptamine + 0.2 mM geraniol,Specimen,30.0,144.0,,Soeren Petersen,2.0,MIA-HA-91,CcalG8H CroCPR,Extracellular Region
416,C09,MIA-HA-91_3_2021-06-01,,YPD + 1 mM tryptamine + 0.2 mM geraniol,Specimen,30.0,144.0,,Soeren Petersen,3.0,MIA-HA-91,CcalG8H CroCPR,Extracellular Region
417,C10,MIA-HA-92_1_2021-06-01,,YPD + 1 mM tryptamine + 0.2 mM geraniol,Specimen,30.0,144.0,,Soeren Petersen,1.0,MIA-HA-92,CcalG8H AanCPR,Extracellular Region
418,C11,MIA-HA-92_2_2021-06-01,,YPD + 1 mM tryptamine + 0.2 mM geraniol,Specimen,30.0,144.0,,Soeren Petersen,2.0,MIA-HA-92,CcalG8H AanCPR,Extracellular Region
419,C12,MIA-HA-92_3_2021-06-01,,YPD + 1 mM tryptamine + 0.2 mM geraniol,Specimen,30.0,144.0,,Soeren Petersen,3.0,MIA-HA-92,CcalG8H AanCPR,Extracellular Region
420,D01,MIA-HA-93_1_2021-06-01,,YPD + 1 mM tryptamine + 0.2 mM geraniol,Specimen,30.0,144.0,,Soeren Petersen,1.0,MIA-HA-93,CcalG8H AraCPR,Extracellular Region
421,D02,MIA-HA-93_2_2021-06-01,,YPD + 1 mM tryptamine + 0.2 mM geraniol,Specimen,30.0,144.0,,Soeren Petersen,2.0,MIA-HA-93,CcalG8H AraCPR,Extracellular Region
422,D03,MIA-HA-93_3_2021-06-01,,YPD + 1 mM tryptamine + 0.2 mM geraniol,Specimen,30.0,144.0,,Soeren Petersen,3.0,MIA-HA-93,CcalG8H AraCPR,Extracellular Region
423,D04,MIA-HA-94_1_2021-06-01,,YPD + 1 mM tryptamine + 0.2 mM geraniol,Specimen,30.0,144.0,,Soeren Petersen,1.0,MIA-HA-94,CcalG8H CloCPR,Extracellular Region
424,D05,MIA-HA-94_2_2021-06-01,,YPD + 1 mM tryptamine + 0.2 mM geraniol,Specimen,30.0,144.0,,Soeren Petersen,2.0,MIA-HA-94,CcalG8H CloCPR,Extracellular Region
425,D06,MIA-HA-94_3_2021-06-01,,YPD + 1 mM tryptamine + 0.2 mM geraniol,Specimen,30.0,144.0,,Soeren Petersen,3.0,MIA-HA-94,CcalG8H CloCPR,Extracellular Region
426,D07,MIA-HA-95_1_2021-06-01,,YPD + 1 mM tryptamine + 0.2 mM geraniol,Specimen,30.0,144.0,,Soeren Petersen,1.0,MIA-HA-95,CcalG8H RseCPR,Extracellular Region
427,D08,MIA-HA-95_2_2021-06-01,,YPD + 1 mM tryptamine + 0.2 mM geraniol,Specimen,30.0,144.0,,Soeren Petersen,2.0,MIA-HA-95,CcalG8H RseCPR,Extracellular Region
428,D09,MIA-HA-95_3_2021-06-01,,YPD + 1 mM tryptamine + 0.2 mM geraniol,Specimen,30.0,144.0,,Soeren Petersen,3.0,MIA-HA-95,CcalG8H RseCPR,Extracellular Region
429,D10,MIA-HA-96_1_2021-06-01,,YPD + 1 mM tryptamine + 0.2 mM geraniol,Specimen,30.0,144.0,,Soeren Petersen,1.0,MIA-HA-96,CcalG8H AhuCPR,Extracellular Region
430,D11,MIA-HA-96_2_2021-06-01,,YPD + 1 mM tryptamine + 0.2 mM geraniol,Specimen,30.0,144.0,,Soeren Petersen,2.0,MIA-HA-96,CcalG8H AhuCPR,Extracellular Region
431,D12,MIA-HA-96_3_2021-06-01,,YPD + 1 mM tryptamine + 0.2 mM geraniol,Specimen,30.0,144.0,,Soeren Petersen,3.0,MIA-HA-96,CcalG8H AhuCPR,Extracellular Region
432,E01,MIA-HA-97_1_2021-06-01,,YPD + 1 mM tryptamine + 0.2 mM geraniol,Specimen,30.0,144.0,,Soeren Petersen,1.0,MIA-HA-97,CcalG8H AniCPR,Extracellular Region
433,E02,MIA-HA-97_2_2021-06-01,,YPD + 1 mM tryptamine + 0.2 mM geraniol,Specimen,30.0,144.0,,Soeren Petersen,2.0,MIA-HA-97,CcalG8H AniCPR,Extracellular Region
434,E03,MIA-HA-97_3_2021-06-01,,YPD + 1 mM tryptamine + 0.2 mM geraniol,Specimen,30.0,144.0,,Soeren Petersen,3.0,MIA-HA-97,CcalG8H AniCPR,Extracellular Region
435,E04,MIA-HA-98_1_2021-06-01,,YPD + 1 mM tryptamine + 0.2 mM geraniol,Specimen,30.0,144.0,,Soeren Petersen,1.0,MIA-HA-98,CcalG8H CacCPR,Extracellular Region
436,E05,MIA-HA-98_2_2021-06-01,,YPD + 1 mM tryptamine + 0.2 mM geraniol,Specimen,30.0,144.0,,Soeren Petersen,2.0,MIA-HA-98,CcalG8H CacCPR,Extracellular Region
437,E06,MIA-HA-98_3_2021-06-01,,YPD + 1 mM tryptamine + 0.2 mM geraniol,Specimen,30.0,144.0,,Soeren Petersen,3.0,MIA-HA-98,CcalG8H CacCPR,Extracellular Region
438,E07,MIA-HA-99_1_2021-06-01,,YPD + 1 mM tryptamine + 0.2 mM geraniol,Specimen,30.0,144.0,,Soeren Petersen,1.0,MIA-HA-99,CcalG8H OeuCPR,Extracellular Region
439,E08,MIA-HA-99_2_2021-06-01,,YPD + 1 mM tryptamine + 0.2 mM geraniol,Specimen,30.0,144.0,,Soeren Petersen,2.0,MIA-HA-99,CcalG8H OeuCPR,Extracellular Region
440,E09,MIA-HA-99_3_2021-06-01,,YPD + 1 mM tryptamine + 0.2 mM geraniol,Specimen,30.0,144.0,,Soeren Petersen,3.0,MIA-HA-99,CcalG8H OeuCPR,Extracellular Region
441,E10,MIA-HA-100_1_2021-06-01,,YPD + 1 mM tryptamine + 0.2 mM geraniol,Specimen,30.0,144.0,,Soeren Petersen,1.0,MIA-HA-100,CcalG8H CpoCPR,Extracellular Region
442,E11,MIA-HA-100_2_2021-06-01,,YPD + 1 mM tryptamine + 0.2 mM geraniol,Specimen,30.0,144.0,,Soeren Petersen,2.0,MIA-HA-100,CcalG8H CpoCPR,Extracellular Region
443,E12,MIA-HA-100_3_2021-06-01,,YPD + 1 mM tryptamine + 0.2 mM geraniol,Specimen,30.0,144.0,,Soeren Petersen,3.0,MIA-HA-100,CcalG8H CpoCPR,Extracellular Region
444,F01,,,,,,,,,,,,
445,F02,,,,,,,,,,,,
446,F03,,,,,,,,,,,,
447,F04,,,,,,,,,,,,
448,F05,,,,,,,,,,,,
449,F06,,,,,,,,,,,,
450,F07,,,,,,,,,,,,
451,F08,,,,,,,,,,,,
452,F09,,,,,,,,,,,,
453,F10,,,,,,,,,,,,
454,F11,,,,,,,,,,,,
455,F12,,,,,,,,,,,,
456,G01,,,,,,,,,,,,
457,G02,,,,,,,,,,,,
458,G03,,,,,,,,,,,,
459,G04,,,,,,,,,,,,
460,G05,,,,,,,,,,,,
461,G06,,,,,,,,,,,,
462,G07,,,,,,,,,,,,
463,G08,,,,,,,,,,,,
464,G09,,,,,,,,,,,,
465,G10,,,,,,,,,,,,
466,G11,,,,,,,,,,,,
467,G12,,,,,,,,,,,,
468,H01,,,,,,,,,,,,
469,H02,,,,,,,,,,,,
470,H03,,,,,,,,,,,,
471,H04,,,,,,,,,,,,
472,H05,,,,,,,,,,,,
473,H06,,,,,,,,,,,,
474,H07,MIA-CH-A2_1_2021-06-01,,YPD + 1 mM tryptamine + 0.2 mM geraniol,Specimen,30.0,144.0,,Soeren Petersen,1.0,MIA-CH-A2,CroG8H CroCPR,Extracellular Region
475,H08,MIA-CH-A2_2_2021-06-01,,YPD + 1 mM tryptamine + 0.2 mM geraniol,Specimen,30.0,144.0,,Soeren Petersen,2.0,MIA-CH-A2,CroG8H CroCPR,Extracellular Region
476,H09,MIA-CH-A2_3_2021-06-01,,YPD + 1 mM tryptamine + 0.2 mM geraniol,Specimen,30.0,144.0,,Soeren Petersen,3.0,MIA-CH-A2,CroG8H CroCPR,Extracellular Region
477,H10,MIA-CH-A2_4_2021-06-01,,YPD + 1 mM tryptamine + 0.2 mM geraniol,Specimen,30.0,144.0,,Soeren Petersen,4.0,MIA-CH-A2,CroG8H CroCPR,Extracellular Region
478,H11,MIA-CM-3_1_2021-06-01,,YPD + 1 mM tryptamine + 0.2 mM geraniol,Specimen,30.0,144.0,,Soeren Petersen,1.0,MIA-CM-3,CroG8H CroCPR,Extracellular Region
479,H12,_1_2021-06-01,,YPD + 1 mM tryptamine + 0.2 mM geraniol,Blank,30.0,144.0,,Soeren Petersen,1.0,,,Extracellular Region
480,A01,MIA-HA-71_-_1,Extracellular Region,-,Specimen,30.0,144.0,,Soeren Petersen,1.0,MIA-HA-71,CroG8H CroCPR,
481,A02,MIA-HA-71_-_2,Extracellular Region,-,Specimen,30.0,144.0,,Soeren Petersen,2.0,MIA-HA-71,CroG8H CroCPR,
482,A03,MIA-HA-71_-_3,Extracellular Region,-,Specimen,30.0,144.0,,Soeren Petersen,3.0,MIA-HA-71,CroG8H CroCPR,
483,A04,MIA-HA-72_-_1,Extracellular Region,-,Specimen,30.0,144.0,,Soeren Petersen,1.0,MIA-HA-72,CroG8H AanCPR,
484,A05,MIA-HA-72_-_2,Extracellular Region,-,Specimen,30.0,144.0,,Soeren Petersen,2.0,MIA-HA-72,CroG8H AanCPR,
485,A06,MIA-HA-72_-_3,Extracellular Region,-,Specimen,30.0,144.0,,Soeren Petersen,3.0,MIA-HA-72,CroG8H AanCPR,
486,A07,MIA-CH-A2_-_1,Extracellular Region,-,Specimen,30.0,144.0,,Soeren Petersen,1.0,MIA-CH-A2,CroG8H CroCPR,
487,A08,MIA-CH-A2_-_2,Extracellular Region,-,Specimen,30.0,144.0,,Soeren Petersen,2.0,MIA-CH-A2,CroG8H CroCPR,
488,A09,MIA-CH-A2_-_3,Extracellular Region,-,Specimen,30.0,144.0,,Soeren Petersen,3.0,MIA-CH-A2,CroG8H CroCPR,
489,A10,MIA-CM-3_-_1,Extracellular Region,-,Specimen,30.0,144.0,,Soeren Petersen,1.0,MIA-CM-3,CroG8H CroCPR,
490,A11,MIA-CM-3_-_2,Extracellular Region,-,Specimen,30.0,144.0,,Soeren Petersen,2.0,MIA-CM-3,CroG8H CroCPR,
491,A12,MIA-CM-3_-_3,Extracellular Region,-,Specimen,30.0,144.0,,Soeren Petersen,3.0,MIA-CM-3,CroG8H CroCPR,
492,B01,MIA-HA-71_g_1,Extracellular Region,g,Specimen,30.0,144.0,,Soeren Petersen,1.0,MIA-HA-71,CroG8H CroCPR,
493,B02,MIA-HA-71_g_2,Extracellular Region,g,Specimen,30.0,144.0,,Soeren Petersen,2.0,MIA-HA-71,CroG8H CroCPR,
494,B03,MIA-HA-71_g_3,Extracellular Region,g,Specimen,30.0,144.0,,Soeren Petersen,3.0,MIA-HA-71,CroG8H CroCPR,
495,B04,MIA-HA-72_g_1,Extracellular Region,g,Specimen,30.0,144.0,,Soeren Petersen,1.0,MIA-HA-72,CroG8H AanCPR,
496,B05,MIA-HA-72_g_2,Extracellular Region,g,Specimen,30.0,144.0,,Soeren Petersen,2.0,MIA-HA-72,CroG8H AanCPR,
497,B06,MIA-HA-72_g_3,Extracellular Region,g,Specimen,30.0,144.0,,Soeren Petersen,3.0,MIA-HA-72,CroG8H AanCPR,
498,B07,MIA-CH-A2_g_1,Extracellular Region,g,Specimen,30.0,144.0,,Soeren Petersen,1.0,MIA-CH-A2,CroG8H CroCPR,
499,B08,MIA-CH-A2_g_2,Extracellular Region,g,Specimen,30.0,144.0,,Soeren Petersen,2.0,MIA-CH-A2,CroG8H CroCPR,
500,B09,MIA-CH-A2_g_3,Extracellular Region,g,Specimen,30.0,144.0,,Soeren Petersen,3.0,MIA-CH-A2,CroG8H CroCPR,
501,B10,MIA-CM-3_g_1,Extracellular Region,g,Specimen,30.0,144.0,,Soeren Petersen,1.0,MIA-CM-3,CroG8H CroCPR,
502,B11,MIA-CM-3_g_2,Extracellular Region,g,Specimen,30.0,144.0,,Soeren Petersen,2.0,MIA-CM-3,CroG8H CroCPR,
503,B12,MIA-CM-3_g_3,Extracellular Region,g,Specimen,30.0,144.0,,Soeren Petersen,3.0,MIA-CM-3,CroG8H CroCPR,
504,C01,MIA-HA-71_t_1,Extracellular Region,t,Specimen,30.0,144.0,,Soeren Petersen,1.0,MIA-HA-71,CroG8H CroCPR,
505,C02,MIA-HA-71_t_2,Extracellular Region,t,Specimen,30.0,144.0,,Soeren Petersen,2.0,MIA-HA-71,CroG8H CroCPR,
506,C03,MIA-HA-71_t_3,Extracellular Region,t,Specimen,30.0,144.0,,Soeren Petersen,3.0,MIA-HA-71,CroG8H CroCPR,
507,C04,MIA-HA-72_t_1,Extracellular Region,t,Specimen,30.0,144.0,,Soeren Petersen,1.0,MIA-HA-72,CroG8H AanCPR,
508,C05,MIA-HA-72_t_2,Extracellular Region,t,Specimen,30.0,144.0,,Soeren Petersen,2.0,MIA-HA-72,CroG8H AanCPR,
509,C06,MIA-HA-72_t_3,Extracellular Region,t,Specimen,30.0,144.0,,Soeren Petersen,3.0,MIA-HA-72,CroG8H AanCPR,
510,C07,MIA-CH-A2_t_1,Extracellular Region,t,Specimen,30.0,144.0,,Soeren Petersen,1.0,MIA-CH-A2,CroG8H CroCPR,
511,C08,MIA-CH-A2_t_2,Extracellular Region,t,Specimen,30.0,144.0,,Soeren Petersen,2.0,MIA-CH-A2,CroG8H CroCPR,
512,C09,MIA-CH-A2_t_3,Extracellular Region,t,Specimen,30.0,144.0,,Soeren Petersen,3.0,MIA-CH-A2,CroG8H CroCPR,
513,C10,MIA-CM-3_t_1,Extracellular Region,t,Specimen,30.0,144.0,,Soeren Petersen,1.0,MIA-CM-3,CroG8H CroCPR,
514,C11,MIA-CM-3_t_2,Extracellular Region,t,Specimen,30.0,144.0,,Soeren Petersen,2.0,MIA-CM-3,CroG8H CroCPR,
515,C12,MIA-CM-3_t_3,Extracellular Region,t,Specimen,30.0,144.0,,Soeren Petersen,3.0,MIA-CM-3,CroG8H CroCPR,
516,D01,MIA-HA-71_g&t_1,Extracellular Region,g&t,Specimen,30.0,144.0,,Soeren Petersen,1.0,MIA-HA-71,CroG8H CroCPR,
517,D02,MIA-HA-71_g&t_2,Extracellular Region,g&t,Specimen,30.0,144.0,,Soeren Petersen,2.0,MIA-HA-71,CroG8H CroCPR,
518,D03,MIA-HA-71_g&t_3,Extracellular Region,g&t,Specimen,30.0,144.0,,Soeren Petersen,3.0,MIA-HA-71,CroG8H CroCPR,
519,D04,MIA-HA-72_g&t_1,Extracellular Region,g&t,Specimen,30.0,144.0,,Soeren Petersen,1.0,MIA-HA-72,CroG8H AanCPR,
520,D05,MIA-HA-72_g&t_2,Extracellular Region,g&t,Specimen,30.0,144.0,,Soeren Petersen,2.0,MIA-HA-72,CroG8H AanCPR,
521,D06,MIA-HA-72_g&t_3,Extracellular Region,g&t,Specimen,30.0,144.0,,Soeren Petersen,3.0,MIA-HA-72,CroG8H AanCPR,
522,D07,MIA-CH-A2_g&t_1,Extracellular Region,g&t,Specimen,30.0,144.0,,Soeren Petersen,1.0,MIA-CH-A2,CroG8H CroCPR,
523,D08,MIA-CH-A2_g&t_2,Extracellular Region,g&t,Specimen,30.0,144.0,,Soeren Petersen,2.0,MIA-CH-A2,CroG8H CroCPR,
524,D09,MIA-CH-A2_g&t_3,Extracellular Region,g&t,Specimen,30.0,144.0,,Soeren Petersen,3.0,MIA-CH-A2,CroG8H CroCPR,
525,D10,MIA-CM-3_g&t_1,Extracellular Region,g&t,Specimen,30.0,144.0,,Soeren Petersen,1.0,MIA-CM-3,CroG8H CroCPR,
526,D11,MIA-CM-3_g&t_2,Extracellular Region,g&t,Specimen,30.0,144.0,,Soeren Petersen,2.0,MIA-CM-3,CroG8H CroCPR,
527,D12,MIA-CM-3_g&t_3,Extracellular Region,g&t,Specimen,30.0,144.0,,Soeren Petersen,3.0,MIA-CM-3,CroG8H CroCPR,
528,E01,,,,,,,,,,,,
529,E02,,,,,,,,,,,,
530,E03,,,,,,,,,,,,
531,E04,,,,,,,,,,,,
532,E05,,,,,,,,,,,,
533,E06,,,,,,,,,,,,
534,E07,,,,,,,,,,,,
535,E08,,,,,,,,,,,,
536,E09,,,,,,,,,,,,
537,E10,,,,,,,,,,,,
538,E11,,,,,,,,,,,,
539,E12,,,,,,,,,,,,
540,F01,,,,,,,,,,,,
541,F02,,,,,,,,,,,,
542,F03,,,,,,,,,,,,
543,F04,,,,,,,,,,,,
544,F05,,,,,,,,,,,,
545,F06,,,,,,,,,,,,
546,F07,,,,,,,,,,,,
547,F08,,,,,,,,,,,,
548,F09,,,,,,,,,,,,
549,F10,,,,,,,,,,,,
550,F11,,,,,,,,,,,,
551,F12,,,,,,,,,,,,
552,G01,,,,,,,,,,,,
553,G02,,,,,,,,,,,,
554,G03,,,,,,,,,,,,
555,G04,,,,,,,,,,,,
556,G05,,,,,,,,,,,,
557,G06,,,,,,,,,,,,
558,G07,,,,,,,,,,,,
559,G08,,,,,,,,,,,,
560,G09,,,,,,,,,,,,
561,G10,,,,,,,,,,,,
562,G11,,,,,,,,,,,,
563,G12,,,,,,,,,,,,
564,H01,,,,,,,,,,,,
565,H02,,,,,,,,,,,,
566,H03,,,,,,,,,,,,
567,H04,,,,,,,,,,,,
568,H05,,,,,,,,,,,,
569,H06,,,,,,,,,,,,
570,H07,,,,,,,,,,,,
571,H08,,,,,,,,,,,,
572,H09,,,,,,,,,,,,
573,H10,,,,,,,,,,,,
574,H11,,,,,,,,,,,,
575,H12,,,,,,,,,,,,
